replicate_id,bigvgan_base_24khz_100band,bigvgan_v2_24khz_100band_256x,bridgevoc,comvo_base,comvo_large,flow2gan,freev,griffin_lim,hifigan_universal_v1,periodwave_24k,periodwave_turbo,rfwave_libritts_24k,rndvoc,vocos_mel_24khz,wavefm
0,70.73487091064453,72.31842041015625,74.63423156738281,72.31585693359375,69.65280151367188,75.25513458251953,64.2321548461914,79.18074798583984,65.34336853027344,65.0234375,72.45077514648438,63.74320602416992,76.1989517211914,74.37528991699219,65.91110229492188
1,70.8798828125,72.54681396484375,74.8221435546875,72.64092254638672,69.88006591796875,75.45329284667969,65.19564056396484,79.4438705444336,65.56746673583984,65.20706939697266,72.64109802246094,63.65903091430664,76.32378387451172,74.66126251220703,66.18827056884766
2,70.86526489257812,72.41156005859375,74.66764068603516,72.47501373291016,69.74652099609375,75.40192413330078,64.88792419433594,79.25444030761719,65.47187042236328,65.08661651611328,72.56459045410156,63.679683685302734,76.21537780761719,74.6082763671875,65.90678405761719
3,70.58271789550781,72.12602996826172,74.48351287841797,72.26880645751953,69.564453125,75.06755065917969,64.68890380859375,79.13348388671875,65.14779663085938,64.88874053955078,72.23765563964844,63.624698638916016,76.01162719726562,74.21426391601562,65.839599609375
4,70.98418426513672,72.49372863769531,74.75642395019531,72.50234985351562,69.75615692138672,75.45995330810547,64.80753326416016,79.36515045166016,65.4675521850586,65.14749145507812,72.63806915283203,63.67400741577149,76.2625961303711,74.71143341064453,66.18694305419922
5,70.78657531738281,72.36963653564453,74.62161254882812,72.49729919433594,69.7492446899414,75.24931335449219,64.90522766113281,79.3182601928711,65.51509857177734,65.07701110839844,72.39215087890625,63.29858016967773,76.09645080566406,74.6065673828125,65.99034118652344
6,70.98356628417969,72.45198059082031,74.65673065185547,72.525634765625,69.80093383789062,75.38556671142578,65.31069946289062,79.29621887207031,65.82075500488281,65.17391204833984,72.6241455078125,63.60495376586914,76.04427337646484,74.70303344726562,65.99859619140625
7,70.72992706298828,72.33699798583984,74.60050201416016,72.39595031738281,69.69847106933594,75.24182891845703,64.82005310058594,79.23052978515625,65.45267486572266,65.07373809814453,72.42427062988281,63.4998664855957,76.09851837158203,74.54330444335938,65.91995239257812
8,70.932373046875,72.44683074951172,74.65541076660156,72.52985382080078,69.83956146240234,75.33638763427734,64.90167236328125,79.39059448242188,65.61165618896484,65.14006805419922,72.53108978271484,63.5555419921875,76.1954345703125,74.73041534423828,66.03518676757812
9,70.7620849609375,72.39555358886719,74.68193054199219,72.38468170166016,69.67503356933594,75.3384780883789,64.30686950683594,79.2187271118164,65.40501403808594,65.0728988647461,72.52127838134766,63.6830940246582,76.14093017578125,74.40961456298828,65.9267578125
10,70.8697509765625,72.38691711425781,74.69676208496094,72.55013275146484,69.84632110595703,75.28673553466797,65.04705810546875,79.37520599365234,65.6761474609375,65.16392517089844,72.44071960449219,63.49212265014648,76.18323516845703,74.6885986328125,66.06179809570312
11,70.82684326171875,72.43648529052734,74.69686889648438,72.39514923095703,69.69096374511719,75.38245391845703,64.27693939208984,79.34320831298828,65.2385482788086,65.089111328125,72.58073425292969,63.83219528198242,76.24465942382812,74.50348663330078,65.98200988769531
12,70.90778350830078,72.45062255859375,74.72500610351562,72.58540344238281,69.83309173583984,75.39067077636719,64.6928939819336,79.43070983886719,65.46306610107422,65.22420501708984,72.56975555419922,63.81097030639648,76.27975463867188,74.64472198486328,66.1240005493164
13,70.58149719238281,72.14027404785156,74.52056884765625,72.26104736328125,69.58515930175781,75.10539245605469,64.42631530761719,79.16361236572266,65.1396713256836,64.9157943725586,72.24695587158203,63.6815071105957,76.05464172363281,74.14007568359375,65.87479400634766
14,70.4228515625,72.22420501708984,74.48945617675781,72.23345184326172,69.5207290649414,75.13005065917969,64.61300659179688,79.13309478759766,64.66828155517578,64.78043365478516,72.29048156738281,63.46662139892578,75.98086547851562,74.14562225341797,65.8306655883789
15,70.67459869384766,72.18021392822266,74.52433013916016,72.34053802490234,69.62873840332031,75.1037368774414,65.17943572998047,79.20365905761719,65.45942687988281,65.04413604736328,72.25468444824219,63.40569305419922,76.03240203857422,74.50326538085938,65.89544677734375
16,70.83796691894531,72.40485382080078,74.67341613769531,72.47834777832031,69.81108093261719,75.32164764404297,65.10090637207031,79.30990600585938,65.72602081298828,65.13587951660156,72.5540771484375,63.71212005615234,76.1536636352539,74.58328247070312,65.88524627685547
17,70.84246826171875,72.42277526855469,74.64755249023438,72.4830551147461,69.73391723632812,75.40757751464844,65.21769714355469,79.2424087524414,65.50708770751953,65.1138916015625,72.55097961425781,63.63079833984375,76.14344024658203,74.67416381835938,66.04244232177734
18,71.04359436035156,72.59162139892578,74.79706573486328,72.6668930053711,69.9060287475586,75.5303955078125,65.26179504394531,79.46302795410156,65.7380142211914,65.2176742553711,72.70418548583984,63.54484939575195,76.29434967041016,74.82463836669922,66.26480865478516
19,70.88367462158203,72.43293762207031,74.71295928955078,72.511474609375,69.76065063476562,75.39768981933594,64.55213165283203,79.34857940673828,65.42012023925781,65.19501495361328,72.57054901123047,63.49235534667969,76.20015716552734,74.69076538085938,66.1396713256836
20,70.95801544189453,72.45758056640625,74.67374420166016,72.48155975341797,69.7574234008789,75.35881042480469,64.880615234375,79.37986755371094,65.60407257080078,65.18003845214844,72.49899291992188,63.40581893920898,76.188720703125,74.71743774414062,66.08053588867188
21,70.9241714477539,72.41893005371094,74.66850280761719,72.65614318847656,69.85578155517578,75.28691101074219,65.92259979248047,79.44292449951172,65.76406860351562,65.1805648803711,72.47303771972656,63.29462814331055,76.09268188476562,74.76915740966797,66.07074737548828
22,70.89385223388672,72.4884033203125,74.68939208984375,72.564453125,69.8230209350586,75.40481567382812,65.0525894165039,79.34697723388672,65.57201385498047,65.13530731201172,72.6198959350586,63.61263656616211,76.17058563232422,74.66743469238281,66.0979995727539
23,70.74981689453125,72.32125854492188,74.68811798095703,72.44620513916016,69.7813491821289,75.26521301269531,64.87857818603516,79.17974853515625,65.5777816772461,65.05038452148438,72.4725570678711,63.68410110473633,76.18972778320312,74.36441040039062,65.85259246826172
24,70.72684478759766,72.32230377197266,74.62762451171875,72.41311645507812,69.67789459228516,75.22016906738281,64.82328796386719,79.24838256835938,65.47809600830078,65.04461669921875,72.38700866699219,63.45858383178711,76.16262817382812,74.5005111694336,65.94237518310547
25,70.51543426513672,72.06710815429688,74.51799011230469,72.0569076538086,69.39961242675781,75.02050018310547,63.87078857421875,78.95317840576172,64.96064758300781,64.80650329589844,72.18577575683594,63.63546752929688,76.01615142822266,73.99078369140625,65.77385711669922
26,70.81658172607422,72.43614196777344,74.71368408203125,72.3479232788086,69.69068145751953,75.35688781738281,64.32327270507812,79.33547973632812,65.39918518066406,65.16669464111328,72.54950714111328,63.627891540527344,76.17808532714844,74.54074096679688,65.98190307617188
27,70.8854751586914,72.48973083496094,74.73085021972656,72.5874252319336,69.82709503173828,75.36480712890625,64.82099151611328,79.45970153808594,65.5394058227539,65.13887023925781,72.5458984375,63.38662338256836,76.2105484008789,74.78736877441406,66.24122619628906
28,70.74717712402344,72.3065414428711,74.57781982421875,72.39741516113281,69.70767974853516,75.22726440429688,64.9365005493164,79.19764709472656,65.56527709960938,65.06153869628906,72.44075775146484,63.518310546875,76.06080627441406,74.50550079345703,65.90331268310547
29,70.79985809326172,72.38932037353516,74.63772583007812,72.53557586669922,69.78732299804688,75.26173400878906,64.92120361328125,79.43206024169922,65.57061004638672,65.12664794921875,72.44374084472656,63.37543869018555,76.1629409790039,74.69344329833984,66.08993530273438
30,71.04374694824219,72.53350067138672,74.76689147949219,72.71488189697266,69.96890258789062,75.49296569824219,65.7751693725586,79.39328002929688,65.86221313476562,65.23043060302734,72.67222595214844,63.50650405883789,76.185302734375,74.88795471191406,66.24983215332031
31,70.72584533691406,72.27577209472656,74.64566802978516,72.2911605834961,69.68059539794922,75.22272491455078,64.10099792480469,79.21366882324219,65.2345199584961,65.04424285888672,72.41370391845703,63.74571228027344,76.2069320678711,74.35464477539062,65.78157043457031
32,70.53849792480469,72.17704772949219,74.46287536621094,72.40015411376953,69.62727355957031,75.0560302734375,64.86773681640625,79.17383575439453,65.20318603515625,64.907470703125,72.2350082397461,63.33558654785156,75.97844696044922,74.35635375976562,65.92803192138672
33,70.8720474243164,72.3790283203125,74.58108520507812,72.46278381347656,69.78396606445312,75.2564468383789,65.18634033203125,79.2376708984375,65.67863464355469,65.1576919555664,72.43231201171875,63.343875885009766,76.07752227783203,74.6847915649414,65.96427154541016
34,70.86420440673828,72.42291259765625,74.64662170410156,72.42806243896484,69.73542022705078,75.44306182861328,65.3978042602539,79.27584075927734,65.56464385986328,65.14412689208984,72.60002899169922,63.62062072753906,76.10363006591797,74.70415496826172,66.09838104248047
35,70.84081268310547,72.36949920654297,74.59320831298828,72.41426849365234,69.7140884399414,75.30116271972656,64.65826416015625,79.28849792480469,65.51966857910156,65.12757873535156,72.46302032470703,63.43262481689453,76.11299896240234,74.62592315673828,66.04952239990234
36,70.766845703125,72.3731689453125,74.62873077392578,72.41939544677734,69.73689270019531,75.2750015258789,65.0163803100586,79.2242202758789,65.6017074584961,65.09580993652344,72.45844268798828,63.48698425292969,76.07743072509766,74.53974914550781,65.90950775146484
37,70.91175842285156,72.49435424804688,74.73088073730469,72.58053588867188,69.78977966308594,75.4312973022461,65.13238525390625,79.36458587646484,65.55938720703125,65.21694946289062,72.60061645507812,63.47620391845703,76.1917724609375,74.7371597290039,66.17887115478516
38,71.06446838378906,72.56763458251953,74.80182647705078,72.6920394897461,69.9267349243164,75.55980682373047,65.63533020019531,79.48587036132812,65.72152709960938,65.28807067871094,72.71630096435547,63.64369201660156,76.27184295654297,74.8241958618164,66.17230224609375
39,70.94329071044922,72.46098327636719,74.71552276611328,72.56243896484375,69.83065032958984,75.3560791015625,64.82933044433594,79.3859634399414,65.4747543334961,65.13813018798828,72.54740905761719,63.571556091308594,76.19477081298828,74.63706970214844,66.1441879272461
40,70.7168197631836,72.27924346923828,74.58047485351562,72.4163589477539,69.73640441894531,75.17918395996094,65.04389953613281,79.2665023803711,65.62252044677734,65.07825469970703,72.3471450805664,63.32331085205078,76.06951904296875,74.5526351928711,65.87862396240234
41,70.91344451904297,72.49080657958984,74.775390625,72.45196533203125,69.72122192382812,75.49418640136719,64.54159545898438,79.33101654052734,65.35011291503906,65.14224243164062,72.62971496582031,63.74484634399414,76.29949951171875,74.61497497558594,66.02606964111328
42,70.67281341552734,72.33097076416016,74.69424438476562,72.42449951171875,69.687255859375,75.21614074707031,63.909610748291016,79.46318817138672,65.0820083618164,65.00360107421875,72.35253143310547,63.52700424194336,76.29833221435547,74.5046615600586,66.0067138671875
43,70.80245971679688,72.45143127441406,74.7262954711914,72.49451446533203,69.72195434570312,75.33702087402344,64.31111145019531,79.40335845947266,65.48481750488281,65.14148712158203,72.49714660644531,63.54758071899414,76.26509857177734,74.65434265136719,66.12001037597656
44,70.75076293945312,72.40030670166016,74.67247772216797,72.53736114501953,69.77085876464844,75.2743911743164,65.11151885986328,79.37166595458984,65.40312194824219,65.11398315429688,72.46450805664062,63.60684967041016,76.11701965332031,74.56642150878906,66.02729797363281
45,71.0005111694336,72.59749603271484,74.81573486328125,72.64559936523438,69.90364074707031,75.58939361572266,64.92822265625,79.47952270507812,65.60063934326172,65.2683334350586,72.76993560791016,63.79031753540039,76.32963562011719,74.79270935058594,66.05669403076172
46,70.81163024902344,72.34345245361328,74.52711486816406,72.34170532226562,69.6499252319336,75.31059265136719,65.0919418334961,79.15324401855469,65.4527359008789,65.05013275146484,72.48381042480469,63.44826126098633,76.01004028320312,74.5404052734375,65.9778060913086
47,70.9035873413086,72.47913360595703,74.76629638671875,72.32522583007812,69.70085144042969,75.50834655761719,64.47657775878906,79.2624740600586,65.44085693359375,65.15418243408203,72.65601348876953,63.78108978271485,76.30906677246094,74.65509796142578,66.095458984375
48,70.84190368652344,72.34320068359375,74.58068084716797,72.37946319580078,69.65361022949219,75.3008041381836,64.51349639892578,79.09334564208984,65.47518157958984,65.04441833496094,72.46338653564453,63.59025955200195,76.07943725585938,74.52742767333984,65.95451354980469
49,71.03711700439453,72.52894592285156,74.81771850585938,72.71390533447266,69.89712524414062,75.54972076416016,65.43197631835938,79.42357635498047,65.74969482421875,65.24286651611328,72.70845031738281,63.71104049682617,76.283935546875,74.83628845214844,66.28294372558594
50,70.94281768798828,72.51278686523438,74.73676300048828,72.56299591064453,69.793212890625,75.48332214355469,64.99482727050781,79.32257080078125,65.60525512695312,65.20555877685547,72.64215087890625,63.74478530883789,76.25311279296875,74.694580078125,66.08792877197266
51,71.0846176147461,72.59757232666016,74.83607482910156,72.59491729736328,69.8688735961914,75.60844421386719,64.91554260253906,79.43364715576172,65.64535522460938,65.28861236572266,72.77546691894531,63.88722229003906,76.33123779296875,74.81005859375,66.29700469970703
52,70.5371322631836,72.02873229980469,74.38846588134766,72.18153381347656,69.53378295898438,74.94025421142578,64.25090026855469,79.01860046386719,65.29280090332031,64.87454223632812,72.1021957397461,63.41978454589844,75.96314239501953,74.23983764648438,65.71654510498047
53,70.6692123413086,72.38733673095703,74.6707534790039,72.41940307617188,69.65430450439453,75.31043243408203,64.4842300415039,79.29402923583984,65.16156768798828,64.94773864746094,72.46308135986328,63.62448501586914,76.18836975097656,74.42599487304688,65.96086883544922
54,71.01152801513672,72.55669403076172,74.79147338867188,72.60710144042969,69.88919830322266,75.54820251464844,65.56320190429688,79.40218353271484,65.76587677001953,65.23613739013672,72.7322006225586,63.68170166015625,76.18900299072266,74.76876831054688,66.23001098632812
55,70.78062438964844,72.43418884277344,74.65936279296875,72.45835876464844,69.72599029541016,75.32215881347656,64.36039733886719,79.35746765136719,65.26983642578125,65.04080200195312,72.48710632324219,63.59334182739258,76.22752380371094,74.55003356933594,66.05210876464844
56,71.14295196533203,72.61942291259766,74.8724136352539,72.75358581542969,69.97213745117188,75.5733871459961,64.75920104980469,79.64837646484375,65.76628875732422,65.35302734375,72.73762512207031,63.72017288208008,76.41844177246094,74.93180847167969,66.31571197509766
57,71.00167083740234,72.46145629882812,74.69459533691406,72.46080780029297,69.77366638183594,75.45227813720703,65.42394256591797,79.24818420410156,65.77532958984375,65.17442321777344,72.60978698730469,63.47348403930664,76.18711853027344,74.74755096435547,66.15725708007812
58,70.96995544433594,72.50325012207031,74.73475646972656,72.5811996459961,69.81564331054688,75.47040557861328,64.94181823730469,79.288818359375,65.63267517089844,65.19971466064453,72.6590576171875,63.68211364746094,76.2383804321289,74.72989654541016,66.10310363769531
59,70.66203308105469,72.27202606201172,74.5350341796875,72.28789520263672,69.57981872558594,75.1452407836914,64.57316589355469,79.14253234863281,65.27236938476562,64.93569946289062,72.33291625976562,63.34651947021485,76.08192443847656,74.4776382446289,65.95220947265625
60,70.93478393554688,72.44786834716797,74.70011138916016,72.49522399902344,69.7480239868164,75.35963439941406,64.68009948730469,79.3644027709961,65.52685546875,65.14690399169922,72.53655242919922,63.40560531616211,76.20531463623047,74.68061065673828,66.12706756591797
61,70.46149444580078,72.0633773803711,74.40060424804688,72.23414611816406,69.49746704101562,74.9886474609375,64.53587341308594,79.07617950439453,65.26546478271484,64.86965942382812,72.18092346191406,63.39989471435547,75.94549560546875,74.1746597290039,65.66786193847656
62,71.03573608398438,72.57109832763672,74.814697265625,72.5957260131836,69.86569213867188,75.56318664550781,65.09107208251953,79.39742279052734,65.70166778564453,65.26995086669922,72.73178100585938,63.806114196777344,76.28036499023438,74.75189971923828,66.1645278930664
63,70.77615356445312,72.47206115722656,74.7232437133789,72.41415405273438,69.66107940673828,75.39224243164062,64.093994140625,79.3870620727539,65.10127258300781,65.16295623779297,72.60623168945312,63.67999649047852,76.24122619628906,74.4786605834961,66.05119323730469
64,70.84539794921875,72.42103576660156,74.66105651855469,72.44275665283203,69.70606231689453,75.41154479980469,64.88723754882812,79.26972961425781,65.45718383789062,65.12957000732422,72.5681381225586,63.62664031982422,76.13748931884766,74.58651733398438,66.10847473144531
65,70.70552825927734,72.33558654785156,74.64813232421875,72.40025329589844,69.6676254272461,75.25373077392578,64.3843002319336,79.30149841308594,65.49271392822266,65.008544921875,72.45271301269531,63.69111251831055,76.15193176269531,74.29163360595703,65.9549331665039
66,70.76376342773438,72.32789611816406,74.58255004882812,72.34566497802734,69.6501693725586,75.22856140136719,64.5338134765625,79.15727233886719,65.36287689208984,64.99903106689453,72.39444732666016,63.559200286865234,76.12275695800781,74.49964141845703,66.04322814941406
67,70.84907531738281,72.3560791015625,74.64855194091797,72.43020629882812,69.71068572998047,75.27757263183594,65.13187408447266,79.23560333251953,65.6878662109375,65.15921020507812,72.48523712158203,63.64669799804688,76.13970947265625,74.58411407470703,65.93132781982422
68,70.79624938964844,72.3643569946289,74.66376495361328,72.39960479736328,69.70245361328125,75.25666046142578,64.9063720703125,79.32471466064453,65.5869140625,65.15532684326172,72.44489288330078,63.52806091308594,76.2075424194336,74.54283142089844,65.97626495361328
69,71.12263488769531,72.64612579345703,74.94549560546875,72.69152069091797,69.97004699707031,75.65597534179688,64.85397338867188,79.58657836914062,65.6848373413086,65.33258819580078,72.82506561279297,63.7459602355957,76.38431549072266,74.90159606933594,66.32366943359375
70,70.73039245605469,72.30095672607422,74.5552749633789,72.2706298828125,69.58769226074219,75.28675842285156,64.68115997314453,79.13290405273438,65.3134994506836,65.0066909790039,72.4412841796875,63.53355407714844,76.00667572021484,74.4452896118164,65.91012573242188
71,70.78276062011719,72.37904357910156,74.7103042602539,72.4071044921875,69.69068145751953,75.28296661376953,64.00825500488281,79.4187240600586,65.13031768798828,65.13916015625,72.47159576416016,63.7292366027832,76.25996398925781,74.53962707519531,66.07648468017578
72,71.08229064941406,72.60735321044922,74.79364013671875,72.72406768798828,69.96224212646484,75.577880859375,65.34693908691406,79.48050689697266,65.81603240966797,65.24684143066406,72.73127746582031,63.65564727783203,76.22574615478516,74.87049865722656,66.25704193115234
73,70.96053314208984,72.51719665527344,74.73857116699219,72.59033203125,69.85665893554688,75.46044921875,65.31580352783203,79.42768096923828,65.54883575439453,65.18809509277344,72.63046264648438,63.5579719543457,76.21966552734375,74.74690246582031,66.22908782958984
74,70.90594482421875,72.40354919433594,74.65902709960938,72.46936798095703,69.76518249511719,75.30584716796875,65.12743377685547,79.3088607788086,65.61111450195312,65.13237762451172,72.50709533691406,63.54694747924805,76.11913299560547,74.66658782958984,65.92304229736328
75,70.99775695800781,72.49259948730469,74.80070495605469,72.58238983154297,69.85907745361328,75.5111312866211,64.82333374023438,79.37205505371094,65.6811752319336,65.20341491699219,72.66422271728516,63.75468826293945,76.2798843383789,74.76528930664062,66.15035247802734
76,70.8778076171875,72.5264892578125,74.72486877441406,72.50646209716797,69.75273895263672,75.43061828613281,65.22764587402344,79.32426452636719,65.5331802368164,65.12923431396484,72.60347747802734,63.33382034301758,76.15331268310547,74.69117736816406,66.16378784179688
77,70.80903625488281,72.48986053466797,74.71344757080078,72.50702667236328,69.77053833007812,75.42418670654297,65.29598999023438,79.30770874023438,65.6076431274414,65.1211166381836,72.63323974609375,63.62305068969727,76.19349670410156,74.67918395996094,65.91583251953125
78,70.77629852294922,72.3115463256836,74.59596252441406,72.36083984375,69.67254638671875,75.32121276855469,64.73446655273438,79.1540756225586,65.32624816894531,65.0574951171875,72.50848388671875,63.552223205566406,76.07129669189453,74.48674011230469,65.9377670288086
79,70.82894897460938,72.46607208251953,74.72666931152344,72.42190551757812,69.7686767578125,75.37202453613281,64.39701843261719,79.34319305419922,65.41262817382812,65.10909271240234,72.59165954589844,63.72769165039063,76.29806518554688,74.53624725341797,66.04077911376953
80,70.8228759765625,72.38616180419922,74.59214782714844,72.41030883789062,69.72457885742188,75.2818374633789,65.2192611694336,79.17737579345703,65.6205062866211,65.07167053222656,72.4651870727539,63.30182647705078,76.0553970336914,74.6057357788086,66.00223541259766
81,70.74459838867188,72.39427185058594,74.62129974365234,72.2830581665039,69.5863265991211,75.34213256835938,64.155029296875,79.28394317626953,65.19829559326172,64.99459075927734,72.50234985351562,63.52325820922852,76.14492797851562,74.4456558227539,65.9775619506836
82,70.90005493164062,72.50836944580078,74.71798706054688,72.53990936279297,69.76101684570312,75.47811126708984,64.83258819580078,79.31580352783203,65.53096771240234,65.09053802490234,72.6155776977539,63.49350357055664,76.17554473876953,74.7032241821289,66.15011596679688
83,70.7794418334961,72.38207244873047,74.69310760498047,72.40897369384766,69.70213317871094,75.3285140991211,64.49071502685547,79.1830825805664,65.41332244873047,65.03599548339844,72.51531982421875,63.7642707824707,76.2574691772461,74.41185760498047,65.96891021728516
84,70.94097900390625,72.4718017578125,74.7276611328125,72.61536407470703,69.86744689941406,75.39584350585938,65.28942108154297,79.44375610351562,65.73429107666016,65.18540954589844,72.58663177490234,63.52395248413086,76.16828918457031,74.75213623046875,66.19795989990234
85,70.9039306640625,72.47561645507812,74.74655151367188,72.46978759765625,69.74307250976562,75.46184539794922,64.81925964355469,79.3367919921875,65.6141586303711,65.14482879638672,72.60569763183594,63.62709426879883,76.23165130615234,74.63763427734375,66.12964630126953
86,70.8525161743164,72.43389892578125,74.6327133178711,72.500244140625,69.7745132446289,75.39665985107422,65.25778198242188,79.30294036865234,65.71685028076172,65.09230041503906,72.56890869140625,63.39906311035156,76.0804443359375,74.65925598144531,65.97220611572266
87,70.69152069091797,72.2188720703125,74.51848602294922,72.33997344970703,69.6475830078125,75.16047668457031,64.94869995117188,79.13896942138672,65.48223114013672,65.05413818359375,72.35665893554688,63.47964859008789,76.03273010253906,74.4158935546875,65.75239562988281
88,70.92792510986328,72.47787475585938,74.70571899414062,72.5521240234375,69.79817962646484,75.4765625,65.30704498291016,79.31159973144531,65.65990447998047,65.18277740478516,72.64535522460938,63.58346176147461,76.14994812011719,74.7148208618164,66.0779037475586
89,70.7464599609375,72.32898712158203,74.67561340332031,72.45204162597656,69.706787109375,75.24788665771484,65.04694366455078,79.30171966552734,65.62955474853516,65.15599822998047,72.40335083007812,63.50556564331055,76.1675796508789,74.57836151123047,66.0425033569336
90,71.00704956054688,72.50333404541016,74.7497329711914,72.68695831298828,69.89067840576172,75.479248046875,65.5062255859375,79.35189056396484,65.8393325805664,65.23512268066406,72.66567993164062,63.54912567138672,76.20042419433594,74.82158660888672,66.18511962890625
91,70.87025451660156,72.4229736328125,74.6487045288086,72.49443054199219,69.79454040527344,75.37064361572266,65.30867767333984,79.24639892578125,65.64856719970703,65.11173248291016,72.59786224365234,63.55466079711914,76.142578125,74.62478637695312,66.0144271850586
92,70.93773651123047,72.48651885986328,74.69993591308594,72.60081481933594,69.83885192871094,75.40019226074219,65.45901489257812,79.3625259399414,65.764892578125,65.20864868164062,72.56209564208984,63.42049789428711,76.157958984375,74.76370239257812,66.17982482910156
93,70.88654327392578,72.42684173583984,74.63725280761719,72.50867462158203,69.75916290283203,75.37419128417969,65.3823013305664,79.24713134765625,65.51168823242188,65.08171081542969,72.55591583251953,63.50169372558594,76.10549926757812,74.67684173583984,66.10484313964844
94,71.04006958007812,72.56121063232422,74.77886199951172,72.64386749267578,69.89697265625,75.5479507446289,65.39983367919922,79.46932220458984,65.74959564208984,65.2978515625,72.7171630859375,63.55294799804688,76.24018859863281,74.80513000488281,66.19676208496094
95,70.53329467773438,72.15787506103516,74.4749526977539,72.16856384277344,69.53092956542969,75.03758239746094,64.55224609375,79.15093231201172,65.1628646850586,64.84835815429688,72.16897583007812,63.18880844116211,76.05159759521484,74.34239196777344,65.84451293945312
96,70.95599365234375,72.47748565673828,74.67115783691406,72.59407806396484,69.82259368896484,75.4378662109375,65.45160675048828,79.31050872802734,65.6591796875,65.13868713378906,72.61917114257812,63.59682846069336,76.1427993774414,74.75694274902344,66.18074798583984
97,70.76873016357422,72.37379455566406,74.6165542602539,72.3918685913086,69.68091583251953,75.23839569091797,64.90672302246094,79.30973052978516,65.42670440673828,65.05522155761719,72.42387390136719,63.43653106689453,76.12252807617188,74.55644989013672,66.04645538330078
98,70.79493713378906,72.34696960449219,74.5882797241211,72.5334243774414,69.81632232666016,75.22785186767578,65.36976623535156,79.27503967285156,65.7019271850586,65.13202667236328,72.47486114501953,63.5610580444336,76.00526428222656,74.61537170410156,65.89875030517578
99,70.74398803710938,72.37337493896484,74.6572036743164,72.34761047363281,69.63985443115234,75.30613708496094,64.462158203125,79.20855712890625,65.39204406738281,65.09053802490234,72.49385070800781,63.68390274047852,76.14950561523438,74.4465560913086,65.91728973388672
100,70.81674194335938,72.52340698242188,74.7305908203125,72.44438171386719,69.74430084228516,75.45125579833984,64.93084716796875,79.39339447021484,65.38675689697266,65.10456848144531,72.64585876464844,63.42223358154297,76.21261596679688,74.59735870361328,66.02928924560547
101,70.90462493896484,72.42361450195312,74.64058685302734,72.43264770507812,69.71046447753906,75.40501403808594,65.30665588378906,79.31007385253906,65.66815948486328,65.15714263916016,72.57247924804688,63.54975891113281,76.09783935546875,74.66839599609375,66.02940368652344
102,70.81204986572266,72.35585021972656,74.60962677001953,72.47955322265625,69.71086883544922,75.26087951660156,65.56907653808594,79.32469177246094,65.65377044677734,65.14271545410156,72.41222381591797,63.36546325683594,76.05689239501953,74.63645935058594,66.01449584960938
103,70.75558471679688,72.40229034423828,74.64360046386719,72.32112884521484,69.65433502197266,75.4092788696289,64.68951416015625,79.15792083740234,65.38126373291016,65.05147552490234,72.56172943115234,63.67852783203125,76.10086822509766,74.50686645507812,66.01358032226562
104,70.8835678100586,72.48851776123047,74.70796203613281,72.51165008544922,69.7553482055664,75.39112854003906,65.04168701171875,79.36754608154297,65.54766082763672,65.12672424316406,72.53981018066406,63.5167236328125,76.16297149658203,74.67599487304688,66.10112762451172
105,70.85153198242188,72.40504455566406,74.6159896850586,72.52112579345703,69.8177719116211,75.30555725097656,65.46102905273438,79.24859619140625,65.73784637451172,65.12581634521484,72.46746826171875,63.2367057800293,76.0874252319336,74.74813842773438,66.01597595214844
106,70.85395050048828,72.37110900878906,74.69062042236328,72.45238494873047,69.75554656982422,75.28004455566406,64.84625244140625,79.30113983154297,65.565673828125,65.12396240234375,72.4637451171875,63.65266799926758,76.18098449707031,74.57969665527344,65.98394775390625
107,70.88225555419922,72.39435577392578,74.620849609375,72.59810638427734,69.82552337646484,75.3680191040039,65.54728698730469,79.27266693115234,65.80540466308594,65.17949676513672,72.58344268798828,63.42252731323242,75.97760009765625,74.71936798095703,66.03834533691406
108,70.72191619873047,72.34600830078125,74.58712005615234,72.36670684814453,69.68816375732422,75.2320785522461,64.99795532226562,79.25360870361328,65.34623718261719,65.03382110595703,72.42769622802734,63.51064682006836,76.0370864868164,74.51255798339844,65.89817810058594
109,70.7396240234375,72.40096282958984,74.6221694946289,72.4327621459961,69.66797637939453,75.27980041503906,64.71683502197266,79.27995300292969,65.39674377441406,65.06687927246094,72.45291900634766,63.397499084472656,76.07108306884766,74.58114624023438,65.97982025146484
110,70.84078979492188,72.47301483154297,74.6780014038086,72.5224609375,69.81155395507812,75.3949203491211,64.90164184570312,79.30735778808594,65.62996673583984,65.12802124023438,72.63703155517578,63.581912994384766,76.1186752319336,74.64680480957031,65.965087890625
111,71.0477294921875,72.61122131347656,74.83563995361328,72.6051025390625,69.87940979003906,75.5727767944336,65.15039825439453,79.45587921142578,65.7101058959961,65.24137115478516,72.76416015625,63.78921508789063,76.33487701416016,74.80307006835938,66.22727966308594
112,70.6969223022461,72.29822540283203,74.55986022949219,72.20510864257812,69.56590270996094,75.28973388671875,64.19696807861328,79.04966735839844,65.30290985107422,64.93761444091797,72.44713592529297,63.58322143554688,76.04759216308594,74.39701080322266,65.8024673461914
113,70.79856872558594,72.44083404541016,74.66136932373047,72.44891357421875,69.71572875976562,75.3072509765625,65.06729125976562,79.29451751708984,65.58024597167969,65.10272979736328,72.5130844116211,63.45707702636719,76.08427429199219,74.61080169677734,66.053955078125
114,70.7601089477539,72.30516052246094,74.5892562866211,72.34292602539062,69.60993194580078,75.3125228881836,64.50897216796875,79.23469543457031,65.2903823852539,65.0746078491211,72.50868225097656,63.60811233520508,76.08085632324219,74.43614959716797,65.93461608886719
115,70.51109313964844,72.1468276977539,74.51773071289062,72.39881896972656,69.6397705078125,75.06883239746094,64.79946899414062,79.29472351074219,65.03218078613281,64.82286071777344,72.25348663330078,63.68091583251953,76.09831237792969,74.11771392822266,65.91383361816406
116,70.834228515625,72.33887481689453,74.58245086669922,72.4357681274414,69.6672592163086,75.2507095336914,65.28600311279297,79.19601440429688,65.55669403076172,65.12086486816406,72.43142700195312,63.54157257080078,76.0433349609375,74.59471893310547,65.91190338134766
117,70.67989349365234,72.20172882080078,74.59559631347656,72.3665771484375,69.64239501953125,75.11905670166016,64.4072036743164,79.35771179199219,65.06830596923828,65.02830505371094,72.29334259033203,63.69785690307617,76.17170715332031,74.32551574707031,65.95507049560547
118,70.72772979736328,72.3322982788086,74.6569595336914,72.32178497314453,69.62385559082031,75.30833435058594,64.48625946044922,79.25779724121094,65.12078094482422,65.04247283935547,72.4874267578125,63.77457427978516,76.18247985839844,74.29612731933594,66.01844024658203
119,70.87109375,72.43566131591797,74.70824432373047,72.51372528076172,69.76315307617188,75.33268737792969,64.91178894042969,79.37639617919922,65.49285125732422,65.12721252441406,72.49515533447266,63.64018249511719,76.21672821044922,74.63129425048828,66.13873291015625
120,70.65962982177734,72.25498962402344,74.60560607910156,72.34017944335938,69.70883178710938,75.17728424072266,64.53427124023438,79.23548126220703,65.19139099121094,64.96841430664062,72.35810852050781,63.6792221069336,76.15522766113281,74.30020141601562,65.95553588867188
121,70.98480987548828,72.54302215576172,74.7463150024414,72.65333557128906,69.91112518310547,75.54743194580078,65.42012023925781,79.33153533935547,65.7999496459961,65.2239761352539,72.70451354980469,63.63973236083984,76.22402954101562,74.80366516113281,66.14913177490234
122,70.87989044189453,72.47867584228516,74.73112487792969,72.53899383544922,69.78984832763672,75.40099334716797,65.03672790527344,79.35655212402344,65.55615997314453,65.15201568603516,72.5660629272461,63.6702995300293,76.22905731201172,74.68235778808594,66.06993103027344
123,70.72918701171875,72.39996337890625,74.65135192871094,72.51839447021484,69.74945068359375,75.28418731689453,65.06367492675781,79.3586654663086,65.43208312988281,65.09175872802734,72.43267059326172,63.3651008605957,76.16304016113281,74.58474731445312,66.05907440185547
124,70.6479263305664,72.24921417236328,74.58355712890625,72.27598571777344,69.5989761352539,75.17240905761719,64.54090118408203,79.17449951171875,65.28719329833984,65.0760269165039,72.33212280273438,63.533470153808594,76.05455017089844,74.39498138427734,65.85478210449219
125,70.88458251953125,72.46807098388672,74.68707275390625,72.58527374267578,69.8507308959961,75.4586410522461,65.1848373413086,79.35066986083984,65.55817413330078,65.19194030761719,72.6488037109375,63.5853385925293,76.1405258178711,74.74459838867188,66.03044128417969
126,70.8902816772461,72.39419555664062,74.62966918945312,72.4437484741211,69.75804901123047,75.38812255859375,64.79383087158203,79.20661926269531,65.54298400878906,65.0827865600586,72.53763580322266,63.55873107910156,76.16077423095703,74.6207275390625,66.02291870117188
127,70.72989654541016,72.23668670654297,74.51850891113281,72.39586639404297,69.68575286865234,75.15930938720703,65.33000946044922,79.12708282470703,65.61371612548828,65.05843353271484,72.37926483154297,63.58124542236328,75.97381591796875,74.51473999023438,65.89466094970703
128,70.52461242675781,72.1112060546875,74.49219512939453,72.23735809326172,69.52099609375,75.04623413085938,64.31456756591797,79.03083801269531,65.13409423828125,64.95187377929688,72.21549224853516,63.54536056518555,75.97992706298828,74.1769790649414,65.73849487304688
129,70.97689819335938,72.49163818359375,74.70904541015625,72.55610656738281,69.76657104492188,75.468505859375,65.1421127319336,79.30316162109375,65.5854263305664,65.20772552490234,72.62020111083984,63.41416931152344,76.15718841552734,74.71643829345703,66.14353942871094
130,70.97908020019531,72.50713348388672,74.69535827636719,72.5851821899414,69.875732421875,75.47183990478516,65.38829803466797,79.30048370361328,65.78894805908203,65.1578369140625,72.66854858398438,63.50328063964844,76.08365631103516,74.73210144042969,65.98186492919922
131,70.88941192626953,72.38060760498047,74.67700958251953,72.4867935180664,69.77935791015625,75.29873657226562,64.97276306152344,79.41386413574219,65.5203628540039,65.17897033691406,72.45177459716797,63.723480224609375,76.205810546875,74.65625762939453,66.0401840209961
132,70.97138977050781,72.56816864013672,74.77106475830078,72.61397552490234,69.8552474975586,75.56241607666016,65.20986938476562,79.43366241455078,65.65054321289062,65.24398040771484,72.70987701416016,63.795936584472656,76.20468139648438,74.72554016113281,66.08242797851562
133,70.77876281738281,72.36531066894531,74.57685089111328,72.47734069824219,69.7471923828125,75.27276611328125,65.08263397216797,79.23994445800781,65.59455871582031,65.0594482421875,72.49623107910156,63.44917297363281,76.02276611328125,74.60444641113281,66.01045227050781
134,70.94589233398438,72.43645477294922,74.68894958496094,72.56733703613281,69.81282043457031,75.39161682128906,65.47195434570312,79.35922241210938,65.75394439697266,65.22694396972656,72.56417083740234,63.397369384765625,76.17791748046875,74.8146743774414,66.2752685546875
135,70.67676544189453,72.28516387939453,74.66928100585938,72.38816833496094,69.70228576660156,75.17901611328125,64.21527099609375,79.31311798095703,65.02367401123047,65.01012420654297,72.3851318359375,63.686222076416016,76.2527084350586,74.34711456298828,65.9397201538086
136,70.947998046875,72.48797607421875,74.70354461669922,72.5964126586914,69.8508529663086,75.46192169189453,65.04796600341797,79.3606948852539,65.60563659667969,65.16474914550781,72.6342544555664,63.64902114868164,76.18500518798828,74.73353576660156,66.21309661865234
137,70.8033447265625,72.38382720947266,74.64586639404297,72.20283508300781,69.6274185180664,75.35115051269531,64.38595581054688,79.1957015991211,65.35089111328125,65.04261016845703,72.51350402832031,63.57335662841797,76.1781997680664,74.51610565185547,65.93603515625
138,70.75045013427734,72.31214141845703,74.60474395751953,72.40204620361328,69.67577362060547,75.27116394042969,64.98123168945312,79.19892120361328,65.45281219482422,65.0672607421875,72.47006225585938,63.77403259277344,76.13513946533203,74.38553619384766,65.92803192138672
139,71.0376205444336,72.58866882324219,74.84458923339844,72.63606262207031,69.91366577148438,75.55076599121094,64.99696350097656,79.50650024414062,65.61483001708984,65.28495025634766,72.74747467041016,63.741546630859375,76.3084945678711,74.86553955078125,66.16854858398438
140,70.89775848388672,72.45768737792969,74.69060516357422,72.43347930908203,69.7269515991211,75.41797637939453,64.78819274902344,79.32345581054688,65.50617218017578,65.14708709716797,72.55863952636719,63.55897903442383,76.21652221679688,74.64620971679688,66.23828887939453
141,70.91970825195312,72.5286865234375,74.7745590209961,72.51753234863281,69.79045104980469,75.470703125,64.694091796875,79.33263397216797,65.52177429199219,65.164306640625,72.64227294921875,63.67724609375,76.29290771484375,74.66643524169922,66.14656829833984
142,70.74681854248047,72.50348663330078,74.7470474243164,72.50102233886719,69.77593994140625,75.37731170654297,64.96945190429688,79.38957977294922,65.55083465576172,65.08169555664062,72.58565521240234,63.50086975097656,76.16508483886719,74.58427429199219,66.1120376586914
143,70.91867065429688,72.49982452392578,74.75669860839844,72.57181549072266,69.79756927490234,75.39774322509766,65.1409912109375,79.41142272949219,65.58853149414062,65.1996078491211,72.58097839355469,63.62751388549805,76.2212905883789,74.70606994628906,66.08580780029297
144,70.90187072753906,72.4275894165039,74.69158172607422,72.4400863647461,69.68128204345703,75.33352661132812,64.85650634765625,79.33727264404297,65.48112487792969,65.11664581298828,72.51202392578125,63.38567733764648,76.15161895751953,74.62994384765625,66.16498565673828
145,70.8504409790039,72.42800903320312,74.62173461914062,72.47473907470703,69.80216979980469,75.34519958496094,65.61767578125,79.2679214477539,65.69596862792969,65.08142852783203,72.5641860961914,63.4288330078125,76.07450103759766,74.67446899414062,66.01213073730469
146,70.86965942382812,72.353271484375,74.58747863769531,72.3835678100586,69.66993713378906,75.29582977294922,64.71061706542969,79.17411041259766,65.48885345458984,65.05888366699219,72.46904754638672,63.54529571533203,76.07100677490234,74.60299682617188,66.01204681396484
147,70.97964477539062,72.51956939697266,74.78147888183594,72.51654052734375,69.80730438232422,75.514404296875,64.91991424560547,79.3897476196289,65.5006103515625,65.22346496582031,72.6993637084961,63.69498825073242,76.28433990478516,74.71080017089844,66.09010314941406
148,70.74435424804688,72.29061126708984,74.60967254638672,72.4581527709961,69.7161636352539,75.1959457397461,65.0865249633789,79.3079833984375,65.49800109863281,65.07182312011719,72.35494232177734,63.36639404296875,76.09181213378906,74.58159637451172,65.96612548828125
149,70.85518646240234,72.48820495605469,74.70988464355469,72.61399841308594,69.85939025878906,75.39791107177734,65.6078109741211,79.4068603515625,65.55984497070312,65.1144027709961,72.5633773803711,63.42823028564453,76.1931381225586,74.75151062011719,66.22833251953125
150,70.85728454589844,72.4152603149414,74.72510528564453,72.50841522216797,69.76032257080078,75.2879867553711,64.8673324584961,79.34040832519531,65.47891235351562,65.13487243652344,72.459228515625,63.50054550170898,76.20391845703125,74.59063720703125,66.13628387451172
151,70.9526138305664,72.44989776611328,74.66151428222656,72.63166809082031,69.86357879638672,75.42247009277344,65.51556396484375,79.29899597167969,65.91415405273438,65.15271759033203,72.58436584472656,63.30889129638672,76.08085632324219,74.80679321289062,66.07390594482422
152,70.75294494628906,72.40088653564453,74.62336730957031,72.33018493652344,69.61713409423828,75.30534362792969,64.409912109375,79.28263854980469,65.30671691894531,65.0872573852539,72.50353240966797,63.555274963378906,76.10729217529297,74.43217468261719,65.98827362060547
153,70.99222564697266,72.51571655273438,74.7715072631836,72.5708999633789,69.84266662597656,75.49495697021484,65.21807861328125,79.49224853515625,65.67256927490234,65.22200775146484,72.66419219970703,63.73423004150391,76.27090454101562,74.78297424316406,66.17913055419922
154,70.69388580322266,72.24236297607422,74.54116821289062,72.30908203125,69.61305236816406,75.18437957763672,64.99364471435547,79.06513977050781,65.390869140625,64.96508026123047,72.34857940673828,63.45587921142578,76.04027557373047,74.45620727539062,65.89985656738281
155,70.7734603881836,72.3641586303711,74.61932373046875,72.50165557861328,69.73265075683594,75.2399673461914,64.94335174560547,79.25789642333984,65.55677795410156,65.06103515625,72.41867065429688,63.44587326049805,76.11750030517578,74.6272964477539,65.96329498291016
156,70.57872009277344,72.37373352050781,74.64868927001953,72.37501525878906,69.63646697998047,75.25575256347656,64.84080505371094,79.23759460449219,65.30397033691406,64.88780212402344,72.45429992675781,63.53387069702149,76.0945816040039,74.30022430419922,65.90721130371094
157,70.7588882446289,72.33757019042969,74.56324768066406,72.48776245117188,69.72738647460938,75.27642822265625,64.91058349609375,79.14371490478516,65.46083068847656,65.00267028808594,72.48031616210938,63.57499694824219,76.06727600097656,74.49488067626953,65.99014282226562
158,70.78805541992188,72.33959197998047,74.6939697265625,72.48372650146484,69.75041961669922,75.25445556640625,64.81297302246094,79.3252944946289,65.53265380859375,65.05728912353516,72.41541290283203,63.59587097167969,76.2191162109375,74.51637268066406,66.06237030029297
159,70.6998062133789,72.4337158203125,74.6839828491211,72.33120727539062,69.65521240234375,75.33935546875,64.53878784179688,79.29058074951172,65.272705078125,64.9715347290039,72.48822784423828,63.63886642456055,76.17474365234375,74.38933563232422,65.95909118652344
160,70.64457702636719,72.29874420166016,74.62671661376953,72.45516967773438,69.66104125976562,75.21929931640625,65.02032470703125,79.250732421875,65.26911926269531,65.02302551269531,72.37063598632812,63.55934524536133,76.1150894165039,74.40510559082031,65.98062133789062
161,70.86129760742188,72.4840316772461,74.70310974121094,72.45526885986328,69.7012710571289,75.4537124633789,64.70005798339844,79.37419128417969,65.47200012207031,65.12654876708984,72.5977783203125,63.56578826904297,76.15611267089844,74.57091522216797,66.01795196533203
162,70.75950622558594,72.35801696777344,74.59243774414062,72.3055191040039,69.61178588867188,75.29165649414062,64.88810729980469,79.20218658447266,65.33422088623047,65.03225708007812,72.45249938964844,63.53482055664063,76.04942321777344,74.51416015625,66.01972961425781
163,70.90132904052734,72.399169921875,74.61201477050781,72.53868865966797,69.79417419433594,75.32241821289062,65.24976348876953,79.4361572265625,65.66846466064453,65.12635803222656,72.51187133789062,63.362091064453125,76.10445404052734,74.6959457397461,66.09854888916016
164,70.94937133789062,72.52762603759766,74.75325012207031,72.58989715576172,69.83222961425781,75.48846435546875,65.03080749511719,79.40101623535156,65.63829803466797,65.1761474609375,72.69125366210938,63.64374542236328,76.2071762084961,74.78631591796875,66.08843231201172
165,71.003662109375,72.49810028076172,74.74573516845703,72.57927703857422,69.84139251708984,75.44717407226562,64.7127685546875,79.43389129638672,65.6774673461914,65.21412658691406,72.62332916259766,63.69174957275391,76.24779510498047,74.72785949707031,66.1139907836914
166,70.89958190917969,72.52368927001953,74.77147674560547,72.6199951171875,69.88563537597656,75.42334747314453,65.5974349975586,79.40142059326172,65.7387466430664,65.24237060546875,72.58037567138672,63.49195861816406,76.23641967773438,74.74200439453125,66.22942352294922
167,70.70299530029297,72.17396545410156,74.4946517944336,72.31240844726562,69.61546325683594,75.09602355957031,64.8702621459961,79.16444396972656,65.42594146728516,65.02003479003906,72.28044891357422,63.479591369628906,76.0291519165039,74.445556640625,65.8813247680664
168,70.95272064208984,72.56468963623047,74.80870819091797,72.47147369384766,69.74822998046875,75.53416442871094,64.36653137207031,79.44598388671875,65.46408081054688,65.2244644165039,72.69689178466797,63.74822616577149,76.32499694824219,74.61177825927734,66.04088592529297
169,70.530029296875,72.19939422607422,74.48120880126953,72.46453094482422,69.6708984375,75.0987319946289,65.24819946289062,79.19449615478516,65.314697265625,64.9592056274414,72.2599105834961,63.34131622314453,75.9491195678711,74.36682891845703,65.9669418334961
170,70.99879455566406,72.47920989990234,74.73477935791016,72.61588287353516,69.8462142944336,75.44740295410156,65.54090118408203,79.30558776855469,65.72364807128906,65.16573333740234,72.6156234741211,63.51334762573242,76.21739196777344,74.77144622802734,66.03362274169922
171,70.37052154541016,71.99711608886719,74.36339569091797,72.13732147216797,69.53474426269531,74.9013442993164,63.75591659545898,79.20510864257812,64.53138732910156,64.6998291015625,72.03563690185547,63.49070739746094,76.08338165283203,73.9534912109375,65.87205505371094
172,70.52973937988281,72.11662292480469,74.48465728759766,72.27827453613281,69.59961700439453,75.03936004638672,64.23684692382812,79.20550537109375,65.08211517333984,64.83064270019531,72.20357513427734,63.66470718383789,76.10350799560547,74.06856536865234,65.77986145019531
173,71.02117156982422,72.60102081298828,74.90080261230469,72.61060333251953,69.89434051513672,75.63240814208984,64.43475341796875,79.51631927490234,65.47566986083984,65.29389953613281,72.76952362060547,63.83871078491211,76.36839294433594,74.68856048583984,66.09766387939453
174,70.73580932617188,72.34099578857422,74.6295394897461,72.49026489257812,69.72386169433594,75.21697235107422,64.8831787109375,79.32366180419922,65.4088363647461,65.05619049072266,72.38882446289062,63.45516586303711,76.13724517822266,74.56281280517578,66.0551528930664
175,70.75959777832031,72.2706298828125,74.59680938720703,72.42828369140625,69.75299835205078,75.2173843383789,64.98056030273438,79.27729797363281,65.52818298339844,65.11979675292969,72.41233825683594,63.61446762084961,76.09464263916016,74.51568603515625,65.94058227539062
176,70.74258422851562,72.46656799316406,74.6891098022461,72.38225555419922,69.70292663574219,75.36569213867188,64.7744140625,79.2245101928711,65.47441864013672,65.07611083984375,72.57222747802734,63.622745513916016,76.18106842041016,74.46622467041016,65.8599624633789
177,70.95435333251953,72.53787994384766,74.78950500488281,72.6500244140625,69.86689758300781,75.48030090332031,65.18009948730469,79.46430969238281,65.62027740478516,65.20194244384766,72.67945098876953,63.66275405883789,76.2642593383789,74.8025894165039,66.17765045166016
178,70.77523040771484,72.37123107910156,74.66081237792969,72.4227523803711,69.74299621582031,75.29788208007812,65.07223510742188,79.26703643798828,65.56448364257812,65.06627655029297,72.49193572998047,63.55506134033203,76.12278747558594,74.49718475341797,65.99088287353516
179,70.84227752685547,72.3968276977539,74.63941192626953,72.47122955322266,69.71671295166016,75.357177734375,64.88719177246094,79.24503326416016,65.45442962646484,65.05111694335938,72.50154876708984,63.60570907592773,76.1326904296875,74.62036895751953,65.93425750732422
180,70.63890838623047,72.27265930175781,74.5501480102539,72.31349182128906,69.6171646118164,75.18428039550781,64.61799621582031,79.1864242553711,65.33427429199219,65.02303314208984,72.36660766601562,63.52527618408203,76.04533386230469,74.40834045410156,65.90753173828125
181,70.8072509765625,72.43089294433594,74.67045593261719,72.37442016601562,69.69355773925781,75.3424072265625,64.75627136230469,79.224365234375,65.5123291015625,65.08015441894531,72.54076385498047,63.59762573242188,76.15509033203125,74.5660400390625,65.89403533935547
182,70.93893432617188,72.4824447631836,74.71863555908203,72.59127044677734,69.8268051147461,75.45088195800781,64.98576354980469,79.30370330810547,65.7357406616211,65.18192291259766,72.62113952636719,63.66521835327149,76.20640563964844,74.75581359863281,66.06219482421875
183,70.97655487060547,72.49725341796875,74.7496337890625,72.5682601928711,69.79289245605469,75.49993896484375,64.90507507324219,79.32595825195312,65.65144348144531,65.19678497314453,72.67900085449219,63.73481369018555,76.2386474609375,74.74658203125,65.9411392211914
184,70.75560760498047,72.29553985595703,74.56748962402344,72.27122497558594,69.62059783935547,75.2436752319336,64.46528625488281,79.12763214111328,65.40780639648438,64.9854736328125,72.43536376953125,63.4343147277832,76.05708312988281,74.49755096435547,65.84541320800781
185,70.6539535522461,72.45021057128906,74.70891571044922,72.35855865478516,69.69049072265625,75.34809112548828,64.6058578491211,79.34074401855469,65.1872787475586,64.99349212646484,72.49424743652344,63.47818756103516,76.20852661132812,74.42835998535156,65.96420288085938
186,70.91481018066406,72.4833984375,74.72930908203125,72.48955535888672,69.75172424316406,75.44974517822266,64.61124420166016,79.31114959716797,65.5201644897461,65.15365600585938,72.64771270751953,63.80641555786133,76.20801544189453,74.66027069091797,65.98404693603516
187,70.77188873291016,72.33573913574219,74.5882339477539,72.34380340576172,69.71918487548828,75.21632385253906,64.77261352539062,79.31620788574219,65.43861389160156,65.0377197265625,72.41654205322266,63.53581237792969,76.13707733154297,74.55194854736328,65.89763641357422
188,70.92696380615234,72.4683609008789,74.68529510498047,72.63957214355469,69.85311889648438,75.37203979492188,65.47843933105469,79.41065979003906,65.68328094482422,65.12630462646484,72.5411376953125,63.24959945678711,76.12152099609375,74.79145050048828,66.12223052978516
189,71.05213165283203,72.53338623046875,74.78630828857422,72.67974853515625,69.89893341064453,75.50689697265625,65.36005401611328,79.410400390625,65.81192016601562,65.2973861694336,72.7123031616211,63.59590911865234,76.26895141601562,74.84068298339844,66.1583023071289
190,70.95492553710938,72.47137451171875,74.71118927001953,72.57371520996094,69.80404663085938,75.44068145751953,65.45635223388672,79.4021224975586,65.69103240966797,65.20439910888672,72.61357879638672,63.60858154296875,76.17993927001953,74.7621078491211,66.1568603515625
191,70.86463165283203,72.49961853027344,74.7608413696289,72.43513488769531,69.75977325439453,75.4681396484375,64.46800231933594,79.35651397705078,65.2884521484375,65.17011260986328,72.65208435058594,63.65056610107422,76.2917709350586,74.59426879882812,66.09854125976562
192,70.83403015136719,72.4111099243164,74.63326263427734,72.3992691040039,69.69318389892578,75.33379364013672,64.67758178710938,79.34735870361328,65.46124267578125,65.1163330078125,72.51002502441406,63.49476623535156,76.12345886230469,74.65908813476562,66.09371948242188
193,70.76874542236328,72.5107421875,74.76226806640625,72.54100799560547,69.79685974121094,75.40257263183594,64.80227661132812,79.36711120605469,65.46792602539062,65.10101318359375,72.59461212158203,63.51559829711914,76.24699401855469,74.63140106201172,66.0239486694336
194,70.70072937011719,72.35282135009766,74.66636657714844,72.36875915527344,69.70550537109375,75.25043487548828,64.43321228027344,79.302490234375,65.27005004882812,65.04405975341797,72.44304656982422,63.6390266418457,76.16612243652344,74.39203643798828,65.9943618774414
195,70.64288330078125,72.36538696289062,74.50813293457031,72.34019470214844,69.62928009033203,75.2225341796875,65.13994598388672,79.19445037841797,65.33006286621094,64.97315979003906,72.36193084716797,63.31363296508789,76.06371307373047,74.4906005859375,65.93977355957031
196,70.83788299560547,72.42401123046875,74.65483093261719,72.57320404052734,69.83654022216797,75.3105697631836,65.35271453857422,79.30192565917969,65.7182846069336,65.15006256103516,72.54688262939453,63.47848510742188,76.1137466430664,74.65914916992188,65.90167236328125
197,70.6095199584961,72.32342529296875,74.56112670898438,72.4070053100586,69.65829467773438,75.21792602539062,65.07811737060547,79.23719787597656,65.344970703125,64.97191619873047,72.37228393554688,63.35645294189453,76.02618408203125,74.4918212890625,66.02207946777344
198,70.91083526611328,72.44010925292969,74.72666931152344,72.57967376708984,69.8475570678711,75.35772705078125,65.26634979248047,79.35420989990234,65.79585266113281,65.2024154663086,72.52613067626953,63.53346633911133,76.23020935058594,74.73175048828125,65.99503326416016
199,70.69707489013672,72.260009765625,74.55994415283203,72.26986694335938,69.65412139892578,75.15589141845703,64.63951110839844,79.19874572753906,65.54016876220703,65.00865936279297,72.34828186035156,63.37183380126953,76.0659408569336,74.49253845214844,65.7577896118164
200,70.75828552246094,72.37144470214844,74.58687591552734,72.41845703125,69.71111297607422,75.30082702636719,64.95751190185547,79.22190856933594,65.48067474365234,65.03752136230469,72.49508666992188,63.45176315307617,76.0694351196289,74.57183837890625,65.96636199951172
201,70.73766326904297,72.34135437011719,74.62874603271484,72.48072814941406,69.75580596923828,75.2386245727539,64.7537841796875,79.2930679321289,65.468994140625,65.02489471435547,72.39468383789062,63.54058074951172,76.16279602050781,74.55937957763672,65.9295425415039
202,70.8053207397461,72.42473602294922,74.771484375,72.53852844238281,69.83016204833984,75.34393310546875,64.91236877441406,79.47440338134766,65.46331787109375,65.1601333618164,72.48961639404297,63.58218765258789,76.3079605102539,74.59971618652344,66.03838348388672
203,70.83350372314453,72.48039245605469,74.76788330078125,72.50640869140625,69.80386352539062,75.38473510742188,64.58586120605469,79.48290252685547,65.38386535644531,65.17180633544922,72.55764770507812,63.672813415527344,76.3113021850586,74.65985107421875,66.07984924316406
204,70.83690643310547,72.46372985839844,74.7453842163086,72.32847595214844,69.62581634521484,75.44868469238281,64.18438720703125,79.34867858886719,65.18042755126953,65.08207702636719,72.60301208496094,63.69554901123047,76.26043701171875,74.50047302246094,66.11970520019531
205,70.8668212890625,72.40019989013672,74.62576293945312,72.43086242675781,69.7223129272461,75.34021759033203,64.83960723876953,79.2149429321289,65.49332427978516,65.12117767333984,72.53622436523438,63.45806884765625,76.08155822753906,74.63985443115234,66.02296447753906
206,70.7894058227539,72.43787384033203,74.70427703857422,72.46526336669922,69.74041748046875,75.35099029541016,64.7457504272461,79.29924011230469,65.49164581298828,65.07850646972656,72.56008911132812,63.49581146240234,76.15680694580078,74.56832122802734,65.88610076904297
207,71.0640869140625,72.57758331298828,74.82386016845703,72.55994415283203,69.87616729736328,75.58975982666016,64.75079345703125,79.38875579833984,65.65055847167969,65.27025604248047,72.78577423095703,63.86662292480469,76.3031005859375,74.76982116699219,66.09005737304688
208,70.89189910888672,72.41913604736328,74.64457702636719,72.57074737548828,69.82383728027344,75.39813232421875,65.61184692382812,79.2491455078125,65.70943450927734,65.1375503540039,72.53998565673828,63.3244514465332,76.06334686279297,74.75318145751953,66.07219696044922
209,70.84996795654297,72.43663787841797,74.67394256591797,72.50262451171875,69.76602935791016,75.38339233398438,65.26864624023438,79.31255340576172,65.53800201416016,65.12263488769531,72.56902313232422,63.565765380859375,76.166748046875,74.68611145019531,66.00353240966797
210,70.86752319335938,72.47081756591797,74.6839599609375,72.45010375976562,69.72541809082031,75.3951187133789,65.2945785522461,79.35681915283203,65.59864044189453,65.11788940429688,72.59529113769531,63.64626693725586,76.1650161743164,74.6220932006836,66.04368591308594
211,70.7619400024414,72.32006072998047,74.62688446044922,72.22773742675781,69.56241607666016,75.3360824584961,64.19784545898438,79.12599182128906,65.16558074951172,65.0069808959961,72.49781799316406,63.64413070678711,76.13880157470703,74.37750244140625,65.86387634277344
212,70.91271209716797,72.42987823486328,74.72020721435547,72.5857925415039,69.84728240966797,75.3078842163086,64.78002166748047,79.45094299316406,65.7197036743164,65.19622039794922,72.481689453125,63.53533172607422,76.2501449584961,74.71464538574219,66.08619689941406
213,71.00881958007812,72.61398315429688,74.83748626708984,72.64907836914062,69.89663696289062,75.61448669433594,65.0622329711914,79.46993255615234,65.68291473388672,65.31299591064453,72.76040649414062,63.755672454833984,76.27796173095703,74.77880859375,66.16358184814453
214,70.77700805664062,72.36539459228516,74.60664367675781,72.46824645996094,69.67327117919922,75.2647705078125,65.25165557861328,79.24334716796875,65.5953598022461,65.10235595703125,72.38963317871094,63.24739837646485,76.09446716308594,74.63578796386719,66.01644134521484
215,70.9378662109375,72.45210266113281,74.71931457519531,72.5389175415039,69.79039764404297,75.43601989746094,65.09182739257812,79.37112426757812,65.57263946533203,65.20222473144531,72.6274185180664,63.66042709350586,76.20516967773438,74.73851013183594,66.0411605834961
216,71.02899932861328,72.5419692993164,74.78495025634766,72.62235260009766,69.90994262695312,75.55945587158203,65.31419372558594,79.44371032714844,65.73584747314453,65.2828598022461,72.73709869384766,63.65060806274414,76.24205017089844,74.78515625,66.1857681274414
217,70.94144439697266,72.53208923339844,74.76509857177734,72.48251342773438,69.77011108398438,75.50910186767578,64.4161376953125,79.39380645751953,65.48310852050781,65.1589126586914,72.65584564208984,63.72340774536133,76.25796508789062,74.62667846679688,66.1595230102539
218,70.99036407470703,72.54313659667969,74.76373291015625,72.57508850097656,69.82194519042969,75.5365219116211,65.16230010986328,79.33892059326172,65.6773681640625,65.21897888183594,72.71546173095703,63.63025665283203,76.2060546875,74.71122741699219,66.02328491210938
219,70.83718872070312,72.4728012084961,74.7293472290039,72.4224853515625,69.81812286376953,75.4260482788086,64.9126205444336,79.29431915283203,65.5324478149414,65.13778686523438,72.68160247802734,63.66781997680664,76.21400451660156,74.5978775024414,66.00331115722656
220,71.07210540771484,72.61473846435547,74.80110931396484,72.72516632080078,69.97917175292969,75.57060241699219,65.67749786376953,79.5340805053711,65.92595672607422,65.31724548339844,72.75199890136719,63.492820739746094,76.23566436767578,74.90912628173828,66.2328109741211
221,70.81719970703125,72.48432922363281,74.72510528564453,72.46769714355469,69.75534057617188,75.34712219238281,64.7955322265625,79.37261962890625,65.48085021972656,65.1266860961914,72.5556640625,63.51602935791016,76.21883392333984,74.6242446899414,66.07878112792969
222,70.39079284667969,71.98125457763672,74.30767059326172,72.20423889160156,69.52937316894531,74.90139770507812,64.49754333496094,79.1272964477539,65.08979034423828,64.79638671875,72.10912322998047,63.59796142578125,75.96125793457031,73.98771667480469,65.67571258544922
223,70.66606140136719,72.29684448242188,74.55292510986328,72.30474090576172,69.56658935546875,75.18666076660156,64.6456069946289,79.18978881835938,65.37602996826172,64.97895812988281,72.33792877197266,63.38694763183594,76.0277328491211,74.4885025024414,65.91241455078125
224,70.92637634277344,72.48133087158203,74.78591918945312,72.42090606689453,69.75236511230469,75.4671630859375,64.32269287109375,79.35638427734375,65.32280731201172,65.143798828125,72.65872955322266,63.92457580566406,76.33606719970703,74.5106430053711,66.00855255126953
225,70.6176528930664,72.35673522949219,74.6389389038086,72.44589233398438,69.6905746459961,75.21769714355469,65.00138092041016,79.2821273803711,65.31364440917969,64.94842529296875,72.39229583740234,63.3779525756836,76.12294006347656,74.43505859375,65.95006561279297
226,70.75957489013672,72.35004425048828,74.58283996582031,72.45740509033203,69.73389434814453,75.2606430053711,65.16983032226562,79.2693099975586,65.58170318603516,65.03506469726562,72.48316192626953,63.55076217651367,76.0244369506836,74.55640411376953,65.91191864013672
227,70.78006744384766,72.35369110107422,74.59593200683594,72.29660034179688,69.57098388671875,75.30458068847656,64.44198608398438,79.1935806274414,65.30728912353516,64.9671630859375,72.45875549316406,63.612606048583984,76.07173919677734,74.44818878173828,65.93403625488281
228,70.9884033203125,72.51912689208984,74.7301254272461,72.658203125,69.89141082763672,75.41045379638672,65.49713897705078,79.45263671875,65.72563171386719,65.19715881347656,72.57955169677734,63.29728317260742,76.20263671875,74.80853271484375,66.16366577148438
229,70.85033416748047,72.31835174560547,74.59857177734375,72.3603515625,69.68311309814453,75.23785400390625,64.61592102050781,79.14363861083984,65.48058319091797,65.08395385742188,72.4272232055664,63.5640983581543,76.09793853759766,74.53522491455078,65.8640365600586
230,70.97855377197266,72.50956726074219,74.75183868408203,72.54598999023438,69.83346557617188,75.48767852783203,64.92463684082031,79.37007141113281,65.6173324584961,65.12777709960938,72.64761352539062,63.71651458740234,76.26043701171875,74.77362060546875,66.09917449951172
231,70.98774719238281,72.51840209960938,74.78288269042969,72.56871795654297,69.8393783569336,75.50602722167969,65.04702758789062,79.39088439941406,65.63716888427734,65.20541381835938,72.68048858642578,63.73487854003906,76.21627044677734,74.73047637939453,66.1580581665039
232,70.6951675415039,72.30172729492188,74.65126037597656,72.42648315429688,69.70198822021484,75.25009155273438,64.80972290039062,79.2391586303711,65.36678314208984,65.05181121826172,72.4118423461914,63.55900955200195,76.17243957519531,74.4463119506836,65.87818145751953
233,70.99999237060547,72.50756072998047,74.74726104736328,72.69503021240234,69.93379974365234,75.46851348876953,65.4963607788086,79.44698333740234,65.80652618408203,65.23241424560547,72.63909149169922,63.43031692504883,76.1949234008789,74.88439178466797,66.35240173339844
234,70.68787384033203,72.34369659423828,74.66106414794922,72.38208770751953,69.68609619140625,75.25200653076172,64.63133239746094,79.2659683227539,65.35990142822266,64.98515319824219,72.42029571533203,63.53249740600586,76.18406677246094,74.42843627929688,66.02203369140625
235,70.77398681640625,72.32070922851562,74.59333801269531,72.3869400024414,69.66425323486328,75.2153091430664,64.43244171142578,79.14982604980469,65.39456939697266,64.9979476928711,72.38529968261719,63.561309814453125,76.13186645507812,74.5495834350586,66.03919982910156
236,70.93502807617188,72.48633575439453,74.69465637207031,72.61124420166016,69.86776733398438,75.36740112304688,65.21905517578125,79.4273681640625,65.72454071044922,65.20496368408203,72.56333923339844,63.48769760131836,76.16600036621094,74.76123809814453,66.08293151855469
237,70.87686920166016,72.48892211914062,74.73682403564453,72.47929382324219,69.78089141845703,75.44940948486328,64.43472290039062,79.41146087646484,65.34062194824219,65.11788940429688,72.65571594238281,63.7271614074707,76.26759338378906,74.62008666992188,66.0882568359375
238,70.88939666748047,72.5160903930664,74.75845336914062,72.50344848632812,69.81877899169922,75.44558715820312,65.10200500488281,79.3930892944336,65.64207458496094,65.23593139648438,72.623779296875,63.71684646606445,76.23236083984375,74.70015716552734,65.96247100830078
239,70.93254089355469,72.4271011352539,74.68134307861328,72.48776245117188,69.78804779052734,75.40248107910156,64.98370361328125,79.3004379272461,65.56764221191406,65.17284393310547,72.61575317382812,63.56385040283203,76.1243667602539,74.60932922363281,66.02872467041016
240,70.91133880615234,72.4920883178711,74.73672485351562,72.50765228271484,69.77074432373047,75.39823913574219,64.46195220947266,79.42312622070312,65.45545196533203,65.1466293334961,72.58631896972656,63.59944915771485,76.22276306152344,74.60671997070312,66.1038818359375
241,70.9413833618164,72.51823425292969,74.76979064941406,72.48702239990234,69.75553894042969,75.43504333496094,64.42399597167969,79.36186981201172,65.54154968261719,65.2197494506836,72.68211364746094,63.76910400390625,76.27833557128906,74.59266662597656,66.05157470703125
242,70.96146392822266,72.5291519165039,74.72113800048828,72.62953186035156,69.890869140625,75.41153717041016,65.19223022460938,79.44139099121094,65.72012329101562,65.19293975830078,72.61150360107422,63.4148063659668,76.23165893554688,74.7623291015625,66.21282958984375
243,70.89619445800781,72.46003723144531,74.70935821533203,72.50701141357422,69.73065948486328,75.42680358886719,64.91184997558594,79.26761627197266,65.53336334228516,65.08448028564453,72.61244201660156,63.50577926635742,76.14164733886719,74.55677795410156,66.18428802490234
244,71.06938171386719,72.57583618164062,74.79234313964844,72.64642333984375,69.8946762084961,75.54041290283203,65.42301940917969,79.4325942993164,65.7627182006836,65.28929138183594,72.7134780883789,63.64986038208008,76.21904754638672,74.79032897949219,66.1791763305664
245,70.87572479248047,72.42559814453125,74.70587158203125,72.49857330322266,69.72207641601562,75.4049301147461,65.1894760131836,79.35782623291016,65.50254821777344,65.15904235839844,72.606689453125,63.766231536865234,76.19084167480469,74.64157104492188,66.0564193725586
246,70.75970458984375,72.3907241821289,74.5850601196289,72.41947937011719,69.6952133178711,75.26058197021484,64.78627014160156,79.20989990234375,65.51419830322266,65.06339263916016,72.49718475341797,63.47891616821289,76.07341766357422,74.54411315917969,65.97806549072266
247,70.9677963256836,72.52620697021484,74.75079345703125,72.58665466308594,69.85774230957031,75.502197265625,65.04562377929688,79.43075561523438,65.52994537353516,65.22803497314453,72.68634796142578,63.73484802246094,76.23017120361328,74.77418518066406,66.24529266357422
248,70.44564056396484,71.99864959716797,74.33556365966797,72.11917877197266,69.47576904296875,74.91442108154297,64.33450317382812,79.04341888427734,65.12593841552734,64.79585266113281,72.09968566894531,63.394187927246094,75.91110229492188,74.07620239257812,65.62676239013672
249,70.8939437866211,72.49060821533203,74.723876953125,72.46062469482422,69.75436401367188,75.45259094238281,64.90419006347656,79.32230377197266,65.55357360839844,65.1542739868164,72.63098907470703,63.7197265625,76.19104766845703,74.61934661865234,65.96626281738281
250,70.97677612304688,72.52344512939453,74.73992156982422,72.6092300415039,69.83555603027344,75.42220306396484,65.09516143798828,79.39031219482422,65.73313903808594,65.17619323730469,72.57559204101562,63.48289489746094,76.23479461669922,74.77519226074219,66.11052703857422
251,70.78649139404297,72.34480285644531,74.60344696044922,72.4943618774414,69.74187469482422,75.24771881103516,64.88935852050781,79.30358123779297,65.47303771972656,65.05352020263672,72.38749694824219,63.52151107788086,76.10435485839844,74.56331634521484,66.02420806884766
252,70.87145233154297,72.46082305908203,74.71466827392578,72.58594512939453,69.80525207519531,75.39425659179688,64.95820617675781,79.36270904541016,65.5376205444336,65.12273406982422,72.61210632324219,63.62217330932617,76.18340301513672,74.71305084228516,65.94615173339844
253,71.00198364257812,72.52857208251953,74.7731704711914,72.75126647949219,69.95341491699219,75.4552993774414,65.43144226074219,79.50590515136719,65.69334411621094,65.23485565185547,72.61775970458984,63.46309661865234,76.28473663330078,74.8670883178711,66.18831634521484
254,70.71183776855469,72.38500213623047,74.62490844726562,72.47708892822266,69.72071075439453,75.30902862548828,64.87129211425781,79.24198150634766,65.55170440673828,65.07676696777344,72.52401733398438,63.50319290161133,76.0945816040039,74.53719329833984,65.85881805419922
255,70.83284759521484,72.26541137695312,74.61334228515625,72.52873992919922,69.74730682373047,75.17665100097656,65.24402618408203,79.41500091552734,65.59793853759766,65.15435791015625,72.33872985839844,63.5420036315918,76.11265563964844,74.67154693603516,66.04646301269531
256,71.09896850585938,72.63304138183594,74.86986541748047,72.72744750976562,69.96028900146484,75.60261535644531,65.18335723876953,79.59732055664062,65.72456359863281,65.2851791381836,72.77774810791016,63.66118240356445,76.32865142822266,74.90681457519531,66.36302185058594
257,70.6230697631836,72.35848999023438,74.62965393066406,72.34439849853516,69.66543579101562,75.25726318359375,64.91860961914062,79.15946197509766,65.46424102783203,64.90705871582031,72.45050048828125,63.49551010131836,76.08074951171875,74.36224365234375,65.88544464111328
258,70.9186019897461,72.4406509399414,74.72189331054688,72.55656433105469,69.82396697998047,75.32218170166016,65.11199951171875,79.41046905517578,65.7112808227539,65.22283935546875,72.52891540527344,63.56815719604492,76.19145202636719,74.67867279052734,66.18506622314453
259,70.58934020996094,72.24939727783203,74.5904769897461,72.2068862915039,69.55567932128906,75.17678833007812,64.488037109375,79.15394592285156,65.09700012207031,64.8977279663086,72.37265014648438,63.648704528808594,76.11278533935547,74.1748046875,65.78665924072266
260,70.99915313720703,72.57137298583984,74.82630920410156,72.76889038085938,69.94644927978516,75.51747131347656,65.40862274169922,79.52423858642578,65.78816986083984,65.28990936279297,72.66304779052734,63.70164489746094,76.32659912109375,74.84944915771484,66.15912628173828
261,70.92343139648438,72.38003540039062,74.68890380859375,72.43257141113281,69.7745590209961,75.27471160888672,64.49688720703125,79.36962890625,65.45184326171875,65.14557647705078,72.42366027832031,63.57508850097656,76.26698303222656,74.69991302490234,66.18583679199219
262,70.88046264648438,72.49153900146484,74.82040405273438,72.4951400756836,69.74818420410156,75.43865966796875,64.20773315429688,79.37445068359375,65.13841247558594,65.21068572998047,72.67388153076172,63.9837646484375,76.35710144042969,74.3946304321289,66.03089141845703
263,70.66490936279297,72.16990661621094,74.52891540527344,72.28352355957031,69.59711456298828,75.10688018798828,64.07020568847656,79.28707122802734,65.26395416259766,65.04200744628906,72.28881072998047,63.6627311706543,76.12474822998047,74.23487854003906,65.77657318115234
264,70.74324035644531,72.2873764038086,74.6066665649414,72.32328796386719,69.64801025390625,75.2236557006836,64.49911499023438,79.23657989501953,65.34891510009766,65.0392074584961,72.40664672851562,63.69489669799805,76.10127258300781,74.45155334472656,65.93755340576172
265,70.81283569335938,72.38936614990234,74.62437438964844,72.50299072265625,69.78047180175781,75.27422332763672,65.1070327758789,79.36607360839844,65.61939239501953,65.14517974853516,72.456298828125,63.371681213378906,76.11666870117188,74.66570281982422,65.89312744140625
266,70.90809631347656,72.37802124023438,74.6365737915039,72.40013885498047,69.764892578125,75.34286499023438,64.82260131835938,79.26116943359375,65.61788177490234,65.14909362792969,72.49833679199219,63.405399322509766,76.11713409423828,74.67579650878906,66.01130676269531
267,70.6640396118164,72.24015808105469,74.54087829589844,72.32720947265625,69.62358093261719,75.158203125,65.10104370117188,79.16381072998047,65.45213317871094,64.99411010742188,72.35780334472656,63.477638244628906,76.02582550048828,74.41141510009766,65.93714141845703
268,70.72591400146484,72.32809448242188,74.61235046386719,72.46881866455078,69.73822784423828,75.20149230957031,65.326904296875,79.3866958618164,65.53286743164062,65.09469604492188,72.35721588134766,63.25880813598633,76.14685821533203,74.6381607055664,66.02142333984375
269,71.00447845458984,72.5381851196289,74.74546813964844,72.66049194335938,69.91535949707031,75.51368713378906,65.3935546875,79.39401245117188,65.68448638916016,65.22814178466797,72.69770050048828,63.69697952270508,76.21192169189453,74.82721710205078,66.09215545654297
270,70.56462097167969,72.18276977539062,74.53397369384766,72.29773712158203,69.58750915527344,75.14442443847656,64.48696899414062,79.15550231933594,65.25906372070312,64.95973205566406,72.30204010009766,63.66254806518555,76.07440948486328,74.22824096679688,65.75138092041016
271,71.03211212158203,72.6025161743164,74.8385238647461,72.57062530517578,69.84776306152344,75.56399536132812,64.99980163574219,79.53734588623047,65.59197235107422,65.246826171875,72.73873901367188,63.73282623291016,76.35039520263672,74.78492736816406,66.2476806640625
272,71.09552001953125,72.61168670654297,74.86783599853516,72.66149139404297,69.93523406982422,75.56364440917969,65.125732421875,79.521728515625,65.75543975830078,65.31715393066406,72.73445129394531,63.68023300170898,76.30847930908203,74.8531494140625,66.24028015136719
273,70.85256958007812,72.41366577148438,74.6241226196289,72.51472473144531,69.71621704101562,75.34783935546875,65.23973083496094,79.23686981201172,65.61177062988281,65.09573364257812,72.50476837158203,63.49208068847656,76.0938720703125,74.64415740966797,66.0247573852539
274,70.79825592041016,72.42021179199219,74.66839599609375,72.44208526611328,69.76180267333984,75.30174255371094,64.74800109863281,79.33082580566406,65.4745101928711,65.04940032958984,72.48065185546875,63.62793350219727,76.1511001586914,74.55674743652344,66.0233383178711
275,70.6558609008789,72.28866577148438,74.61973571777344,72.30394744873047,69.5694808959961,75.26151275634766,64.32328796386719,79.13582611083984,65.30916595458984,65.01375579833984,72.4744873046875,63.73930358886719,76.12460327148438,74.2187271118164,65.71724700927734
276,70.59789276123047,72.31493377685547,74.61991119384766,72.34587097167969,69.62953186035156,75.24462127685547,63.98692321777344,79.27767181396484,64.99874114990234,64.91504669189453,72.42610168457031,63.60921478271485,76.16128540039062,74.25897979736328,65.91912078857422
277,70.87618255615234,72.43486022949219,74.64530181884766,72.56977844238281,69.82081604003906,75.38753509521484,65.34856414794922,79.24340057373047,65.66722106933594,65.12857818603516,72.5704574584961,63.468875885009766,76.08517456054688,74.646728515625,66.03244018554688
278,70.7221908569336,72.43175506591797,74.7145767211914,72.26846313476562,69.62921142578125,75.42373657226562,64.17929077148438,79.2623291015625,65.11946105957031,65.0157241821289,72.59577941894531,63.6753044128418,76.22113037109375,74.40811157226562,65.87643432617188
279,71.01097869873047,72.66024017333984,74.92320251464844,72.57489013671875,69.8857421875,75.64729309082031,64.74870300292969,79.4280776977539,65.46649932861328,65.22685241699219,72.81975555419922,63.82953643798828,76.43128967285156,74.78504180908203,66.21785736083984
280,70.75748443603516,72.44656372070312,74.7154769897461,72.44818115234375,69.71370697021484,75.32289123535156,64.38909912109375,79.33628845214844,65.2801513671875,65.03233337402344,72.51422882080078,63.54131317138672,76.19190979003906,74.52022552490234,66.09095001220703
281,70.8477554321289,72.52659606933594,74.8178939819336,72.49639129638672,69.7732162475586,75.49131774902344,64.35240936279297,79.33036804199219,65.46403503417969,65.111328125,72.68107604980469,63.8052864074707,76.33354187011719,74.4749984741211,66.02928924560547
282,70.87895202636719,72.38475036621094,74.63553619384766,72.41259765625,69.70738983154297,75.31442260742188,64.25291442871094,79.23041534423828,65.5108871459961,65.08867645263672,72.53727722167969,63.7103385925293,76.12229919433594,74.57221221923828,65.9080581665039
283,70.74735260009766,72.31449127197266,74.54515075683594,72.40409851074219,69.67079162597656,75.24324035644531,64.97694396972656,79.2010269165039,65.42317962646484,65.05033874511719,72.41001892089844,63.330169677734375,75.99044799804688,74.52741241455078,65.93986511230469
284,70.65392303466797,72.34960174560547,74.54896545410156,72.4312515258789,69.69926452636719,75.21619415283203,65.5047836303711,79.2105712890625,65.46537017822266,64.9755859375,72.39280700683594,63.30356597900391,76.06600189208984,74.60884857177734,66.0335922241211
285,71.0198745727539,72.49581909179688,74.73811340332031,72.67796325683594,69.8836669921875,75.37625885009766,65.52359771728516,79.4168472290039,65.90692901611328,65.21514892578125,72.54412841796875,63.39170837402344,76.20907592773438,74.8715591430664,66.14888763427734
286,70.78999328613281,72.34922790527344,74.6845703125,72.35108184814453,69.70367431640625,75.2885513305664,64.32740783691406,79.21765899658203,65.46746826171875,65.09951782226562,72.49967193603516,63.81122589111328,76.21749114990234,74.4164810180664,65.8646240234375
287,70.71025848388672,72.28289794921875,74.54113006591797,72.35128021240234,69.6053237915039,75.13546752929688,64.9800033569336,79.20121002197266,65.37991333007812,65.00709533691406,72.28909301757812,63.33224105834961,76.03480529785156,74.49346160888672,66.02047729492188
288,70.7890853881836,72.34339141845703,74.6095199584961,72.47789001464844,69.775390625,75.2421646118164,65.38552856445312,79.25820922851562,65.64676666259766,65.10325622558594,72.4540023803711,63.48565673828125,76.04315185546875,74.62210083007812,65.83927917480469
289,70.78955078125,72.36444854736328,74.640380859375,72.34271240234375,69.64189147949219,75.31108856201172,64.16212463378906,79.27120971679688,65.23799133300781,65.03929138183594,72.50643920898438,63.56675720214844,76.15277862548828,74.53731536865234,66.15373229980469
290,70.94949340820312,72.50666809082031,74.73772430419922,72.4382095336914,69.72745513916016,75.4840316772461,64.46913146972656,79.35897827148438,65.43482208251953,65.16191101074219,72.65042877197266,63.79705047607422,76.26924133300781,74.67131805419922,66.1263656616211
291,71.02006530761719,72.47852325439453,74.73482513427734,72.62515258789062,69.85186767578125,75.37984466552734,65.10591125488281,79.35845184326172,65.72737884521484,65.1639175415039,72.53713989257812,63.482234954833984,76.21311950683594,74.80641174316406,66.1401596069336
292,71.11695098876953,72.63041687011719,74.8650894165039,72.66205596923828,69.94013214111328,75.59198760986328,65.09459686279297,79.50761413574219,65.68575286865234,65.31953430175781,72.77764892578125,63.66661834716797,76.33596801757812,74.89261627197266,66.25584411621094
293,70.85570526123047,72.44437408447266,74.71241760253906,72.5243148803711,69.81454467773438,75.30839538574219,64.99223327636719,79.4017333984375,65.58699798583984,65.09188079833984,72.4752426147461,63.45478820800781,76.22012329101562,74.71851348876953,66.01074981689453
294,70.9561767578125,72.40408325195312,74.63536071777344,72.52790832519531,69.76372528076172,75.37763977050781,65.95431518554688,79.2401351928711,65.7747802734375,65.13558197021484,72.53778839111328,63.53213119506836,76.10848999023438,74.7676773071289,66.14250946044922
295,70.82090759277344,72.4471435546875,74.67259979248047,72.35676574707031,69.66227722167969,75.3573989868164,64.83663940429688,79.34024810791016,65.43506622314453,65.0950927734375,72.52362060546875,63.51763153076172,76.20318603515625,74.52791595458984,66.09030151367188
296,70.76441192626953,72.40541076660156,74.64838409423828,72.53533935546875,69.74756622314453,75.29460144042969,65.39337158203125,79.31414794921875,65.54251861572266,65.13793182373047,72.46509552001953,63.4356689453125,76.08246612548828,74.66349792480469,66.00629425048828
297,71.0311279296875,72.59281158447266,74.79549407958984,72.66057586669922,69.9572982788086,75.57254028320312,65.36312103271484,79.43386840820312,65.87348175048828,65.27666473388672,72.76486206054688,63.686485290527344,76.23971557617188,74.82121276855469,66.16204071044922
298,70.72941589355469,72.33912658691406,74.57911682128906,72.35480499267578,69.65528869628906,75.29956817626953,64.42169952392578,79.20843505859375,65.3575210571289,65.07760620117188,72.50665283203125,63.61922836303711,76.08463287353516,74.48645782470703,65.83483123779297
299,71.00311279296875,72.49906158447266,74.70931243896484,72.55316162109375,69.84191131591797,75.43304443359375,65.20928955078125,79.41561126708984,65.71348571777344,65.20462799072266,72.6056137084961,63.544883728027344,76.23887634277344,74.87091827392578,66.17924499511719
300,70.91549682617188,72.42437744140625,74.64228820800781,72.49209594726562,69.75150299072266,75.39545440673828,64.93295288085938,79.32328033447266,65.61177062988281,65.15877532958984,72.62354278564453,63.686805725097656,76.07636260986328,74.6458969116211,65.9775161743164
301,70.99027252197266,72.48031616210938,74.71153259277344,72.56288146972656,69.8888931274414,75.39144134521484,65.25699615478516,79.44345092773438,65.78717041015625,65.2588119506836,72.60688781738281,63.6133041381836,76.16722106933594,74.7089614868164,65.98987579345703
302,70.80609893798828,72.39652252197266,74.6919937133789,72.41272735595703,69.62772369384766,75.3897476196289,64.32356262207031,79.34285736083984,65.11595153808594,65.04119110107422,72.56781005859375,63.71137619018555,76.19511413574219,74.51004791259766,66.03913879394531
303,70.77378845214844,72.32171630859375,74.56771850585938,72.35594177246094,69.66963958740234,75.19327545166016,64.73431396484375,79.22468566894531,65.48627471923828,65.03382110595703,72.37849426269531,63.38858795166016,76.06206512451172,74.54119110107422,65.82360076904297
304,70.8567123413086,72.39778137207031,74.64746856689453,72.34384155273438,69.64540100097656,75.34005737304688,64.55902099609375,79.28158569335938,65.41064453125,65.11341857910156,72.53889465332031,63.626102447509766,76.19852447509766,74.56624603271484,65.99947357177734
305,70.6990966796875,72.16920471191406,74.44945526123047,72.33238220214844,69.701904296875,75.05253601074219,64.53500366210938,79.19302368164062,65.49777221679688,65.05549621582031,72.24281311035156,63.39847183227539,76.03543090820312,74.4736099243164,65.8068618774414
306,70.4416732788086,71.98757934570312,74.38310241699219,72.18245697021484,69.43687438964844,74.93272399902344,64.32069396972656,79.01932525634766,64.84687805175781,64.77742004394531,72.0735855102539,63.55696105957031,75.96017456054688,73.98465728759766,65.7535171508789
307,70.87179565429688,72.44755554199219,74.7613525390625,72.37505340576172,69.69358825683594,75.48185729980469,64.65155029296875,79.23385620117188,65.41250610351562,65.10816955566406,72.64258575439453,63.67805862426758,76.22053527832031,74.56656646728516,66.0047836303711
308,70.67864227294922,72.28377532958984,74.65008544921875,72.47128295898438,69.80606079101562,75.18842315673828,64.38533020019531,79.44953155517578,65.21321868896484,65.03845977783203,72.37569427490234,63.63890075683594,76.2177505493164,74.41193389892578,65.98445892333984
309,70.7942123413086,72.2818374633789,74.62625885009766,72.40694427490234,69.65277862548828,75.20789337158203,64.92455291748047,79.24820709228516,65.47736358642578,65.12918090820312,72.3519058227539,63.403099060058594,76.1226806640625,74.59239959716797,65.98855590820312
310,70.54750061035156,72.11708068847656,74.58346557617188,72.23200988769531,69.57953643798828,75.08895111083984,63.6585693359375,79.1684799194336,64.82785034179688,64.87069702148438,72.26252746582031,63.71815490722656,76.18566131591797,74.01416778564453,65.94454193115234
311,70.79585266113281,72.41757202148438,74.63296508789062,72.44618225097656,69.70301055908203,75.32965087890625,64.91069793701172,79.2117919921875,65.55603790283203,65.12698364257812,72.5105209350586,63.57369613647461,76.10978698730469,74.5625228881836,65.89583587646484
312,70.79984283447266,72.35588073730469,74.58991241455078,72.42357635498047,69.67181396484375,75.30936431884766,65.13450622558594,79.16039276123047,65.41719055175781,65.04163360595703,72.51158905029297,63.631378173828125,76.0703353881836,74.53551483154297,65.92229461669922
313,70.84803009033203,72.47818756103516,74.69104766845703,72.55534362792969,69.78947448730469,75.3758316040039,65.51979064941406,79.38230895996094,65.53612518310547,65.1019515991211,72.53483581542969,63.2578125,76.16340637207031,74.67574310302734,66.18898010253906
314,70.97109985351562,72.5133056640625,74.75070190429688,72.58004760742188,69.84938049316406,75.4626235961914,64.78048706054688,79.39961242675781,65.57681274414062,65.15331268310547,72.62991333007812,63.59939956665039,76.20921325683594,74.70823669433594,66.32583618164062
315,70.65557098388672,72.33722686767578,74.57432556152344,72.40229034423828,69.67218780517578,75.22225189208984,64.7125244140625,79.16503143310547,65.280029296875,64.96038055419922,72.38926696777344,63.55172348022461,76.06552124023438,74.39485931396484,65.88578033447266
316,70.5186996459961,72.09435272216797,74.4486312866211,72.26676940917969,69.58909606933594,74.99781799316406,64.63776397705078,79.21122741699219,65.06512451171875,64.81974792480469,72.16680145263672,63.52819061279297,76.12413024902344,74.18795776367188,65.8925552368164
317,70.47168731689453,72.09868621826172,74.39038848876953,72.31501007080078,69.63946533203125,75.02013397216797,64.86213684082031,79.06498718261719,65.33412170410156,64.89401245117188,72.22654724121094,63.5362663269043,75.94884490966797,74.16980743408203,65.63695526123047
318,70.94476318359375,72.50007629394531,74.79644012451172,72.57088470458984,69.8607406616211,75.43022918701172,65.0053939819336,79.4197769165039,65.73707580566406,65.21726989746094,72.59317016601562,63.68240737915039,76.28768920898438,74.72286224365234,66.1460189819336
319,70.93379211425781,72.54186248779297,74.76866912841797,72.6222915649414,69.8932876586914,75.48452758789062,65.4268798828125,79.35501861572266,65.72759246826172,65.20382690429688,72.70307922363281,63.75639343261719,76.23251342773438,74.76216125488281,65.96707916259766
320,70.50669860839844,72.16244506835938,74.58258056640625,72.18282318115234,69.5265884399414,75.10821533203125,64.01213073730469,79.16702270507812,64.76622009277344,64.8265151977539,72.27922058105469,63.70756912231445,76.16397857666016,74.04072570800781,65.86809539794922
321,70.9783935546875,72.5464859008789,74.80414581298828,72.67091369628906,69.8992919921875,75.51750946044922,65.41991424560547,79.39427947998047,65.70386505126953,65.21315002441406,72.68292999267578,63.76365661621094,76.2580795288086,74.73321533203125,66.19993591308594
322,70.9459228515625,72.44499969482422,74.71558380126953,72.50337982177734,69.74927520751953,75.40498352050781,64.8094253540039,79.3890380859375,65.54214477539062,65.13639831542969,72.58053588867188,63.74979019165039,76.27229309082031,74.67064666748047,66.11798858642578
323,70.61795806884766,72.30729675292969,74.596923828125,72.17800903320312,69.54264068603516,75.24819946289062,64.08876037597656,79.1405029296875,64.98147583007812,64.98701477050781,72.4491958618164,63.68540573120117,76.13080596923828,74.2081298828125,65.94070434570312
324,70.53419494628906,72.13249969482422,74.4612045288086,72.20012664794922,69.48811340332031,75.00839233398438,64.77053833007812,79.15458679199219,65.07036590576172,64.88508605957031,72.15579223632812,63.432395935058594,75.9618911743164,74.2326889038086,65.8368148803711
325,70.75790405273438,72.36727905273438,74.60071563720703,72.3940200805664,69.69823455810547,75.25340270996094,64.84700012207031,79.24188995361328,65.46139526367188,65.05692291259766,72.44166564941406,63.378265380859375,76.09194946289062,74.60346984863281,66.07369995117188
326,70.96507263183594,72.4402084350586,74.65376281738281,72.53601837158203,69.79701232910156,75.4138412475586,65.34811401367188,79.2462387084961,65.81985473632812,65.18844604492188,72.55120849609375,63.351070404052734,76.1264419555664,74.77587127685547,66.11909484863281
327,70.7583236694336,72.3774642944336,74.62615203857422,72.40005493164062,69.66657257080078,75.33247375488281,64.85154724121094,79.24565124511719,65.371337890625,65.0172119140625,72.51611328125,63.496768951416016,76.14067077636719,74.55740356445312,65.94781494140625
328,70.6571273803711,72.2787857055664,74.64906311035156,72.37767028808594,69.7070083618164,75.22882843017578,64.44441223144531,79.29490661621094,65.35787200927734,64.99224853515625,72.43221282958984,63.78097152709961,76.14861297607422,74.29720306396484,65.77664184570312
329,70.89410400390625,72.44508361816406,74.64991760253906,72.467529296875,69.71697998046875,75.42647552490234,64.99327087402344,79.16783142089844,65.50507354736328,65.09342193603516,72.57726287841797,63.66262435913086,76.17426300048828,74.61075592041016,66.04105377197266
330,70.9164047241211,72.42902374267578,74.6895751953125,72.526611328125,69.74818420410156,75.4369888305664,64.74459838867188,79.2869644165039,65.55411529541016,65.14879608154297,72.61320495605469,63.74277877807617,76.1604232788086,74.655029296875,66.08294677734375
331,71.01069641113281,72.56316375732422,74.82258605957031,72.569091796875,69.79732513427734,75.56328582763672,65.0160140991211,79.45568084716797,65.59004211425781,65.16492462158203,72.70902252197266,63.64340972900391,76.30863189697266,74.72090911865234,66.24232482910156
332,70.51292419433594,72.10381317138672,74.48027801513672,72.2222900390625,69.539794921875,75.05561828613281,64.5443115234375,79.05081939697266,65.30525207519531,64.84710693359375,72.22515106201172,63.53719329833984,76.01553344726562,74.14642333984375,65.78508758544922
333,70.9291000366211,72.47409057617188,74.73434448242188,72.50663757324219,69.76113891601562,75.4736099243164,64.86024475097656,79.30863189697266,65.6558837890625,65.18363952636719,72.670166015625,63.77488708496094,76.18579864501953,74.61003112792969,65.89286804199219
334,70.724609375,72.33305358886719,74.64747619628906,72.3623046875,69.64384460449219,75.26995849609375,64.45081329345703,79.22190856933594,65.42842864990234,65.00167846679688,72.41436004638672,63.61005401611328,76.1778335571289,74.35327911376953,65.91426086425781
335,70.89686584472656,72.44810485839844,74.73187255859375,72.47238159179688,69.76158905029297,75.37202453613281,64.08555603027344,79.38773345947266,65.49651336669922,65.15625,72.57183837890625,63.801212310791016,76.27749633789062,74.64017486572266,66.00611114501953
336,70.99490356445312,72.5633773803711,74.79741668701172,72.66398620605469,69.92276763916016,75.54241943359375,65.53852081298828,79.48844909667969,65.73538208007812,65.24774169921875,72.69550323486328,63.57331466674805,76.23724365234375,74.79991149902344,66.3087387084961
337,70.74674987792969,72.36052703857422,74.67208099365234,72.26660919189453,69.62024688720703,75.2685775756836,64.37775421142578,79.19569396972656,65.38985443115234,65.02472686767578,72.47692108154297,63.609012603759766,76.21917724609375,74.44609069824219,66.0350341796875
338,70.74840545654297,72.3473129272461,74.58928680419922,72.35675811767578,69.63204956054688,75.26712799072266,64.98171997070312,79.2540054321289,65.37813568115234,65.03367614746094,72.4665756225586,63.38179016113281,76.08950805664062,74.5494384765625,65.90708923339844
339,70.79627990722656,72.31523132324219,74.57917022705078,72.31227111816406,69.63716125488281,75.24110412597656,65.05244445800781,79.2519302368164,65.46525573730469,65.10883331298828,72.42692565917969,63.44782638549805,76.0181655883789,74.53682708740234,66.01414489746094
340,70.77505493164062,72.33970642089844,74.66065979003906,72.3831787109375,69.70928192138672,75.25397491455078,65.0050277709961,79.2448501586914,65.59892272949219,65.08908081054688,72.40518188476562,63.46597671508789,76.135009765625,74.62390899658203,65.99344635009766
341,71.03558349609375,72.54399871826172,74.76349639892578,72.56725311279297,69.82073974609375,75.43023681640625,64.79318237304688,79.36903381347656,65.69164276123047,65.20671081542969,72.6234130859375,63.70277404785156,76.26033782958984,74.75602722167969,66.087158203125
342,71.08191680908203,72.57347869873047,74.88595581054688,72.67463684082031,69.93009948730469,75.58747100830078,65.03351593017578,79.43701934814453,65.73455810546875,65.30816650390625,72.77904510498047,63.82794570922852,76.32998657226562,74.85743713378906,66.2501220703125
343,71.06676483154297,72.58878326416016,74.85259246826172,72.58289337158203,69.86064910888672,75.5906982421875,64.84400939941406,79.51093292236328,65.59440612792969,65.29247283935547,72.75279998779297,63.89751815795898,76.39034271240234,74.75361633300781,66.1435546875
344,71.01295471191406,72.54515838623047,74.79782104492188,72.52941131591797,69.84140014648438,75.55817413330078,65.33331298828125,79.43236541748047,65.6570053100586,65.1869888305664,72.73212432861328,63.79450607299805,76.29334259033203,74.76028442382812,66.15105438232422
345,70.63873291015625,72.1771011352539,74.60407257080078,72.37726593017578,69.66109466552734,75.12616729736328,64.79280853271484,79.28977966308594,65.26654815673828,64.8826904296875,72.3092269897461,63.70272064208984,76.20350646972656,74.19305419921875,65.92056274414062
346,70.85249328613281,72.40338897705078,74.66191864013672,72.35774230957031,69.65139770507812,75.38557434082031,64.35308837890625,79.20744323730469,65.3689956665039,65.04061889648438,72.52944946289062,63.57275772094727,76.1748046875,74.5855484008789,66.06195068359375
347,70.97761535644531,72.52386474609375,74.79329681396484,72.54694366455078,69.85844421386719,75.53423309326172,64.8575668334961,79.4449234008789,65.5785140991211,65.23452758789062,72.71318817138672,63.89028549194336,76.2991943359375,74.64972686767578,66.0928955078125
348,70.95230102539062,72.50566101074219,74.76091766357422,72.53114318847656,69.80767822265625,75.44889831542969,65.27499389648438,79.3193588256836,65.60901641845703,65.15434265136719,72.64199829101562,63.58040237426758,76.2294692993164,74.71330261230469,66.08528900146484
349,70.82035064697266,72.47021484375,74.70884704589844,72.44180297851562,69.74786376953125,75.36539459228516,64.26542663574219,79.36319732666016,65.38993835449219,65.12667846679688,72.58308410644531,63.688621520996094,76.236328125,74.52362060546875,66.03861999511719
350,70.8800048828125,72.45075988769531,74.68267059326172,72.50220489501953,69.78366088867188,75.3709945678711,64.90000915527344,79.3361587524414,65.50458526611328,65.10511779785156,72.51185607910156,63.37264251708984,76.18316650390625,74.69255065917969,66.064453125
351,70.63543701171875,72.26311492919922,74.5858154296875,72.23310852050781,69.5569839477539,75.17462158203125,64.57917785644531,79.16441345214844,65.21752166748047,64.9296875,72.32413482666016,63.639686584472656,76.10989379882812,74.27729797363281,65.94071197509766
352,70.8681869506836,72.40007019042969,74.67033386230469,72.54204559326172,69.73116302490234,75.38883209228516,65.49984741210938,79.24413299560547,65.71312713623047,65.13639068603516,72.55814361572266,63.5385627746582,76.10905456542969,74.64646911621094,66.12139129638672
353,70.66188049316406,72.2770004272461,74.56504821777344,72.35993957519531,69.67382049560547,75.21733856201172,64.82792663574219,79.17317962646484,65.44503784179688,65.04586791992188,72.40936279296875,63.61408996582031,76.04843139648438,74.37222290039062,65.80773162841797
354,71.02936553955078,72.47251892089844,74.75312042236328,72.59994506835938,69.84449768066406,75.47177124023438,64.82756042480469,79.36726379394531,65.67402648925781,65.18690490722656,72.66619873046875,63.89052200317383,76.22024536132812,74.70378112792969,66.10211181640625
355,70.98065948486328,72.47177124023438,74.68277740478516,72.6310043334961,69.84437561035156,75.44546508789062,65.48241424560547,79.31822204589844,65.72792053222656,65.19680786132812,72.62274932861328,63.52240753173828,76.16867065429688,74.7796401977539,66.1910400390625
356,70.66561889648438,72.25846099853516,74.49620056152344,72.35075378417969,69.59156799316406,75.1830062866211,64.95628356933594,79.1131362915039,65.4395523071289,64.98462677001953,72.32779693603516,63.39263534545898,75.96002197265625,74.47254180908203,65.82679748535156
357,70.71502685546875,72.22334289550781,74.52147674560547,72.33818817138672,69.62821197509766,75.11436462402344,64.68943786621094,79.236572265625,65.34671020507812,64.99986267089844,72.29347229003906,63.49583435058594,76.07931518554688,74.45597839355469,65.88330078125
358,70.67639923095703,72.40743255615234,74.66398620605469,72.37954711914062,69.68413543701172,75.32711029052734,64.46182250976562,79.26715850830078,65.33937072753906,64.9515609741211,72.4913101196289,63.57804107666016,76.19711303710938,74.44396209716797,66.0558853149414
359,70.72386932373047,72.29170989990234,74.52064514160156,72.3244857788086,69.60601043701172,75.17754364013672,64.77247619628906,79.17100524902344,65.42730712890625,64.95318603515625,72.35396575927734,63.51455307006836,76.09063720703125,74.44938659667969,66.00422668457031
360,70.84847259521484,72.46231842041016,74.7075424194336,72.45308685302734,69.75206756591797,75.36846923828125,64.39421844482422,79.34090423583984,65.51505279541016,65.18534088134766,72.54390716552734,63.59709930419922,76.19388580322266,74.58950805664062,66.03096008300781
361,70.83204650878906,72.34571838378906,74.65858459472656,72.51261138916016,69.71265411376953,75.24938201904297,65.17143249511719,79.29682922363281,65.54373931884766,65.0976791381836,72.39181518554688,63.43122100830078,76.1775894165039,74.63482666015625,66.01922607421875
362,71.02299499511719,72.57317352294922,74.78997802734375,72.7168197631836,69.86985778808594,75.50960540771484,64.85101318359375,79.4752426147461,65.7557144165039,65.25621032714844,72.69364929199219,63.598514556884766,76.21102905273438,74.77914428710938,66.12521362304688
363,70.86155700683594,72.47093200683594,74.77955627441406,72.59943389892578,69.85672760009766,75.42164611816406,65.27051544189453,79.29407501220703,65.79249572753906,65.1673812866211,72.5934066772461,63.64677810668945,76.24923706054688,74.61946105957031,66.06053161621094
364,70.8192138671875,72.41073608398438,74.6491928100586,72.41470336914062,69.68323516845703,75.4068603515625,64.394775390625,79.22187805175781,65.30632781982422,65.07603454589844,72.5657730102539,63.581356048583984,76.11195373535156,74.51457214355469,65.97392272949219
365,70.8977279663086,72.48200225830078,74.65495300292969,72.6043701171875,69.82759094238281,75.38526153564453,65.51219177246094,79.40750885009766,65.7966537475586,65.25244140625,72.60749816894531,63.42146682739258,76.08805847167969,74.76046752929688,66.03237915039062
366,70.5978012084961,72.31086730957031,74.66728210449219,72.43521881103516,69.67491149902344,75.24386596679688,64.343017578125,79.22158813476562,65.23189544677734,64.83413696289062,72.41360473632812,63.5855712890625,76.21199035644531,74.24153137207031,65.87781524658203
367,70.96376037597656,72.50162506103516,74.6835708618164,72.515380859375,69.86200714111328,75.4425277709961,65.37146759033203,79.28056335449219,65.70144653320312,65.16001892089844,72.64830017089844,63.582916259765625,76.17938232421875,74.7842788696289,65.9805908203125
368,70.85400390625,72.40840911865234,74.66923522949219,72.55303955078125,69.76274108886719,75.39503479003906,64.68779754638672,79.32503509521484,65.50532531738281,65.14485931396484,72.58639526367188,63.6051139831543,76.11223602294922,74.63339233398438,66.0172348022461
369,70.88540649414062,72.44781494140625,74.728271484375,72.47834014892578,69.74762725830078,75.36518859863281,64.35840606689453,79.3185806274414,65.55354309082031,65.18765258789062,72.52110290527344,63.632080078125,76.22986602783203,74.66094207763672,65.96163940429688
370,70.52073669433594,72.0488510131836,74.4837417602539,72.20759582519531,69.5405502319336,75.00160217285156,63.79269027709961,79.25503540039062,64.85606384277344,64.92253875732422,72.15696716308594,63.7266845703125,76.14480590820312,74.03934478759766,65.9239273071289
371,71.0193099975586,72.55818939208984,74.7676010131836,72.67163848876953,69.8985366821289,75.50482177734375,65.31393432617188,79.53215026855469,65.81424713134766,65.29442596435547,72.6865463256836,63.50719451904297,76.25526428222656,74.81971740722656,66.22412872314453
372,70.73515319824219,72.46473693847656,74.75919342041016,72.2417984008789,69.5936279296875,75.4231948852539,63.71084976196289,79.32682037353516,64.97897338867188,65.04326629638672,72.61295318603516,63.7903938293457,76.29756164550781,74.36662292480469,66.0343017578125
373,70.65444946289062,72.19432830810547,74.49017333984375,72.28485107421875,69.5870361328125,75.07520294189453,65.24105834960938,79.044921875,65.45217895507812,64.99942779541016,72.27320861816406,63.2462272644043,75.92635345458984,74.47777557373047,65.83833312988281
374,70.4400405883789,72.01596069335938,74.39239501953125,72.25415802001953,69.5582504272461,74.94404602050781,64.45787048339844,79.11689758300781,64.90951538085938,64.80094909667969,72.07823181152344,63.4893913269043,75.97123718261719,74.05428314208984,65.81871032714844
375,70.9678726196289,72.54440307617188,74.77367401123047,72.65400695800781,69.86617279052734,75.4614486694336,65.3484115600586,79.4518814086914,65.66236114501953,65.20326232910156,72.6484146118164,63.52214050292969,76.21995544433594,74.8094482421875,66.15937805175781
376,70.91072845458984,72.42912292480469,74.67877197265625,72.56455993652344,69.8621597290039,75.33182525634766,65.40094757080078,79.27679443359375,65.72232818603516,65.18885040283203,72.54461669921875,63.529441833496094,76.11221313476562,74.74207305908203,65.95704650878906
377,70.60896301269531,72.25889587402344,74.60173797607422,72.21356201171875,69.572265625,75.24667358398438,64.50692749023438,79.13373565673828,65.33206176757812,64.94236755371094,72.43140411376953,63.66586685180664,76.09200286865234,74.16889190673828,65.80773162841797
378,70.70625305175781,72.2603759765625,74.52877044677734,72.4748764038086,69.80862426757812,75.14142608642578,64.71856689453125,79.32711791992188,65.60697174072266,65.01445007324219,72.3400650024414,63.501495361328125,76.09721374511719,74.43345642089844,65.81415557861328
379,70.78567504882812,72.40396118164062,74.64212036132812,72.36029815673828,69.6731185913086,75.3880386352539,64.67218017578125,79.20154571533203,65.4303970336914,65.06202697753906,72.55986022949219,63.5626335144043,76.11628723144531,74.50814819335938,65.8958969116211
380,70.82953643798828,72.46659088134766,74.73805236816406,72.45831298828125,69.74614715576172,75.44152069091797,64.77787780761719,79.34481048583984,65.50145721435547,65.09148406982422,72.6530990600586,63.78694152832031,76.2583999633789,74.57283782958984,65.97477722167969
381,71.10453796386719,72.58031463623047,74.79533386230469,72.75753021240234,69.98497772216797,75.5082778930664,65.4140396118164,79.51914978027344,65.79020690917969,65.30022430419922,72.69589233398438,63.57881927490234,76.27682495117188,74.94711303710938,66.2365951538086
382,70.89476776123047,72.48479461669922,74.73273468017578,72.58296203613281,69.7745132446289,75.38060760498047,65.43265533447266,79.3478012084961,65.61903381347656,65.17243194580078,72.54057312011719,63.66910171508789,76.24674987792969,74.67106628417969,66.07869720458984
383,70.927734375,72.40229034423828,74.67880249023438,72.56917572021484,69.80899810791016,75.29749298095703,65.53013610839844,79.34212493896484,65.7015151977539,65.1802978515625,72.47840118408203,63.56112289428711,76.13941955566406,74.75865173339844,66.09241485595703
384,70.89541625976562,72.44343566894531,74.78666687011719,72.47047424316406,69.80642700195312,75.36383056640625,63.85529708862305,79.42049407958984,65.28921508789062,65.15941619873047,72.59789276123047,63.91044235229492,76.31635284423828,74.53047943115234,66.05615997314453
385,70.65953826904297,72.19391632080078,74.52582550048828,72.3729476928711,69.64984130859375,75.10737609863281,64.6471176147461,79.2240982055664,65.39065551757812,64.96659851074219,72.30040740966797,63.5556755065918,76.01883697509766,74.36865234375,65.8555679321289
386,70.68769073486328,72.24932098388672,74.5638656616211,72.3136215209961,69.6208724975586,75.17450714111328,64.49099731445312,79.1724853515625,65.41067504882812,65.00359344482422,72.36811065673828,63.58757781982422,76.04407501220703,74.44831848144531,65.85314178466797
387,70.68458557128906,72.37641143798828,74.66217041015625,72.29685974121094,69.6571273803711,75.34233093261719,64.54547119140625,79.1653823852539,65.43242645263672,64.98876953125,72.5274429321289,63.724002838134766,76.18824768066406,74.26301574707031,65.8155288696289
388,70.85120391845703,72.32279968261719,74.63959503173828,72.54957580566406,69.77252197265625,75.20756530761719,65.29144287109375,79.3753662109375,65.70587921142578,65.14539337158203,72.3714599609375,63.30224990844727,76.09229278564453,74.72290802001953,66.06095123291016
389,70.921142578125,72.52607727050781,74.76929473876953,72.50122833251953,69.77893829345703,75.52745056152344,65.0508804321289,79.31297302246094,65.49551391601562,65.17660522460938,72.6633071899414,63.74347686767578,76.26353454589844,74.68672180175781,66.11514282226562
390,70.88703155517578,72.39605712890625,74.66926574707031,72.42109680175781,69.70703887939453,75.31893157958984,64.26815032958984,79.35337829589844,65.4536361694336,65.1382827758789,72.51974487304688,63.74263381958008,76.22162628173828,74.60736846923828,65.96205139160156
391,70.73931884765625,72.39533233642578,74.5998306274414,72.3720474243164,69.66681671142578,75.34282684326172,65.07362365722656,79.17091369628906,65.48033905029297,65.0147476196289,72.55381774902344,63.42409133911133,76.05829620361328,74.53422546386719,65.90937042236328
392,70.80313110351562,72.322021484375,74.65462493896484,72.50282287597656,69.75399017333984,75.23793029785156,65.09500885009766,79.35968780517578,65.61124420166016,65.11266326904297,72.37944030761719,63.51567459106445,76.16880798339844,74.64964294433594,66.02379608154297
393,70.899169921875,72.55338287353516,74.79158782958984,72.50282287597656,69.74056243896484,75.54325866699219,64.1160888671875,79.3560562133789,65.37701416015625,65.15203857421875,72.68729400634766,63.69876480102539,76.28675079345703,74.58555603027344,66.110595703125
394,70.84877014160156,72.4390869140625,74.67562103271484,72.46620178222656,69.69957733154297,75.35559844970703,64.83889770507812,79.3154525756836,65.46021270751953,65.1087417602539,72.51146697998047,63.6752815246582,76.155029296875,74.59803009033203,65.93081665039062
395,70.9205551147461,72.48040008544922,74.71070861816406,72.52985382080078,69.78474426269531,75.46211242675781,64.89095306396484,79.295166015625,65.6192855834961,65.14679718017578,72.64655303955078,63.674930572509766,76.18699645996094,74.68097686767578,66.00804138183594
396,70.93466186523438,72.56332397460938,74.79341125488281,72.50623321533203,69.81060028076172,75.53398132324219,64.81127166748047,79.36123657226562,65.52718353271484,65.1822738647461,72.71480560302734,63.80654525756836,76.28076171875,74.69813537597656,66.1295394897461
397,70.58137512207031,72.31184387207031,74.52875518798828,72.22833251953125,69.56129455566406,75.22737884521484,64.3685073852539,79.13523864746094,65.06400299072266,64.98895263671875,72.4340591430664,63.5234260559082,76.03352355957031,74.3580093383789,65.71414184570312
398,70.70521545410156,72.32774353027344,74.62438201904297,72.4554214477539,69.71923828125,75.18697357177734,64.84107208251953,79.23262786865234,65.49181365966797,65.01325225830078,72.38634490966797,63.37596130371094,76.11284637451172,74.51820373535156,65.97257995605469
399,70.79116821289062,72.43545532226562,74.74250030517578,72.56365966796875,69.80717468261719,75.34107971191406,65.10546112060547,79.4140396118164,65.61128234863281,65.06465911865234,72.54925537109375,63.63930892944336,76.26632690429688,74.53380584716797,66.03719329833984
400,70.62918090820312,72.25186920166016,74.53506469726562,72.21214294433594,69.55315399169922,75.1996841430664,64.68816375732422,78.99297332763672,65.40856170654297,64.97355651855469,72.38314056396484,63.61068344116211,76.01496124267578,74.23252868652344,65.85011291503906
401,70.68173217773438,72.30203247070312,74.54056549072266,72.31576538085938,69.60188293457031,75.20958709716797,64.81126403808594,79.19538116455078,65.38148498535156,64.98066711425781,72.3473892211914,63.29552459716797,76.0140380859375,74.52052307128906,66.00859069824219
402,71.01277923583984,72.45844268798828,74.68299102783203,72.61280822753906,69.81826782226562,75.39799499511719,65.05050659179688,79.3079833984375,65.77420806884766,65.18296813964844,72.57093048095703,63.29956817626953,76.17833709716797,74.7966537475586,66.11075592041016
403,70.7497329711914,72.34888458251953,74.62443542480469,72.27776336669922,69.59015655517578,75.27818298339844,64.49348449707031,79.19692993164062,65.41275787353516,65.03289031982422,72.44818115234375,63.66800308227539,76.07585144042969,74.37710571289062,65.84518432617188
404,71.01478576660156,72.56649017333984,74.81328582763672,72.60588836669922,69.87657165527344,75.5404281616211,64.94730377197266,79.4599609375,65.6941146850586,65.30394744873047,72.69388580322266,63.722450256347656,76.28132629394531,74.79804992675781,66.17300415039062
405,70.96145629882812,72.52167510986328,74.75411224365234,72.516845703125,69.7720718383789,75.48072052001953,64.786865234375,79.34979248046875,65.54386138916016,65.15345001220703,72.67002868652344,63.82126235961914,76.26493072509766,74.66993713378906,66.1212387084961
406,70.85337829589844,72.43898010253906,74.7147445678711,72.37061309814453,69.70234680175781,75.36103057861328,64.50407409667969,79.36975860595703,65.3661117553711,65.13691711425781,72.53800964355469,63.6528205871582,76.24343872070312,74.58573913574219,66.08842468261719
407,70.84791564941406,72.46266174316406,74.67891693115234,72.44103240966797,69.72883605957031,75.3831558227539,64.7781982421875,79.22553253173828,65.5557632446289,65.11068725585938,72.55572509765625,63.4173583984375,76.16011810302734,74.57478332519531,66.03681945800781
408,70.54014587402344,72.16239929199219,74.46318817138672,72.309814453125,69.61888885498047,75.08922576904297,64.5140380859375,79.14659118652344,65.34971618652344,64.97697448730469,72.259765625,63.37932968139648,75.99544525146484,74.2923812866211,65.75997161865234
409,70.6038818359375,72.2815933227539,74.58392333984375,72.34717559814453,69.64143371582031,75.16818237304688,64.50092315673828,79.20274353027344,65.21397399902344,64.92272186279297,72.35997772216797,63.48878860473633,76.0653076171875,74.31522369384766,65.8746566772461
410,71.01793670654297,72.48950958251953,74.73163604736328,72.69447326660156,69.90509796142578,75.4444808959961,65.63806915283203,79.42394256591797,65.81433868408203,65.22887420654297,72.63224029541016,63.43077087402344,76.15662384033203,74.8524169921875,66.19428253173828
411,70.84783172607422,72.33056640625,74.54872131347656,72.43535614013672,69.68518829345703,75.3160400390625,65.39107513427734,79.17398071289062,65.64501190185547,65.03608703613281,72.44929504394531,63.31991195678711,76.0372543334961,74.63825988769531,66.04314422607422
412,71.00572204589844,72.48412322998047,74.7119369506836,72.45330047607422,69.76921844482422,75.41685485839844,64.86990356445312,79.28905487060547,65.6358642578125,65.1966552734375,72.61194610595703,63.67274475097656,76.22038269042969,74.72176361083984,66.076904296875
413,70.95610809326172,72.49284362792969,74.67765808105469,72.54495239257812,69.8359146118164,75.45416259765625,65.20084381103516,79.26376342773438,65.755859375,65.17598724365234,72.6357192993164,63.59399032592773,76.09947967529297,74.68663787841797,65.95269775390625
414,70.89556884765625,72.51689147949219,74.69397735595703,72.6081314086914,69.83637237548828,75.43024444580078,65.14263916015625,79.40757751464844,65.67681884765625,65.19100189208984,72.6277084350586,63.4150276184082,76.14651489257812,74.73992156982422,66.10675811767578
415,70.92044830322266,72.53900146484375,74.7664566040039,72.5744400024414,69.83709716796875,75.4054183959961,64.99835205078125,79.45294952392578,65.48765563964844,65.19808959960938,72.603759765625,63.57805633544922,76.30065155029297,74.72686767578125,66.12725067138672
416,70.9002456665039,72.4285888671875,74.6974105834961,72.59471130371094,69.79409790039062,75.35746002197266,65.3882827758789,79.36930847167969,65.57828521728516,65.17828369140625,72.50831604003906,63.37428283691406,76.15737915039062,74.73319244384766,66.21194458007812
417,70.87117004394531,72.44380187988281,74.65511322021484,72.4690170288086,69.74241638183594,75.4419174194336,65.31952667236328,79.28343963623047,65.53764343261719,65.16448974609375,72.61455535888672,63.65193176269531,76.14405059814453,74.60557556152344,65.97928619384766
418,70.93614959716797,72.52030944824219,74.72906494140625,72.6090087890625,69.86197662353516,75.41465759277344,65.42871856689453,79.34083557128906,65.69685363769531,65.1487045288086,72.6157455444336,63.50941848754883,76.19493103027344,74.72905731201172,66.07682800292969
419,70.89643096923828,72.44821166992188,74.7597885131836,72.40933990478516,69.73531341552734,75.45176696777344,63.87941360473633,79.39371490478516,65.08806610107422,65.12932586669922,72.64854431152344,63.73872756958008,76.30452728271484,74.6066665649414,66.04917907714844
420,70.88243865966797,72.4537582397461,74.65715026855469,72.49957275390625,69.77302551269531,75.40937805175781,65.30335235595703,79.25188446044922,65.61389923095703,65.14264678955078,72.5913314819336,63.50494766235352,76.09783935546875,74.63742065429688,66.02879333496094
421,71.02527618408203,72.56140899658203,74.81021118164062,72.61865997314453,69.89867401123047,75.5394287109375,65.65360260009766,79.38298034667969,65.77002716064453,65.23648071289062,72.72688293457031,63.65383529663086,76.23313903808594,74.81767272949219,66.22856140136719
422,70.78048706054688,72.46826934814453,74.70783233642578,72.45512390136719,69.7236328125,75.40473175048828,64.85016632080078,79.26848602294922,65.57617950439453,65.13430786132812,72.61344909667969,63.61418151855469,76.16187286376953,74.50077056884766,65.90045166015625
423,71.04796600341797,72.58491516113281,74.83016204833984,72.5321044921875,69.85104370117188,75.54631805419922,64.96173095703125,79.42213439941406,65.63021087646484,65.22946166992188,72.73384094238281,63.72842788696289,76.32263946533203,74.76145935058594,66.19912719726562
424,70.91449737548828,72.4044418334961,74.73854064941406,72.52565002441406,69.81352233886719,75.30950164794922,64.91582489013672,79.41122436523438,65.570068359375,65.17704010009766,72.4964828491211,63.64188766479492,76.22081756591797,74.6541519165039,66.04811096191406
425,70.63207244873047,72.30870056152344,74.58894348144531,72.30267333984375,69.64166259765625,75.19160461425781,64.19329833984375,79.188720703125,65.2196273803711,64.99281311035156,72.39517974853516,63.57438278198242,76.0987319946289,74.36709594726562,65.92874908447266
426,70.81095123291016,72.41397857666016,74.67169189453125,72.38742065429688,69.73711395263672,75.33195495605469,64.33554077148438,79.33136749267578,65.42634582519531,65.13630676269531,72.56104278564453,63.77799224853516,76.2322006225586,74.4998550415039,65.93881225585938
427,70.78255462646484,72.41459655761719,74.65013885498047,72.51151275634766,69.69952392578125,75.30938720703125,64.87909698486328,79.30474853515625,65.4425048828125,65.05635070800781,72.4714584350586,63.46906280517578,76.12937927246094,74.59306335449219,66.02630615234375
428,71.00333404541016,72.57290649414062,74.7680435180664,72.6106948852539,69.8817367553711,75.48219299316406,64.99114990234375,79.40119934082031,65.69033813476562,65.20732879638672,72.69678497314453,63.63833618164063,76.28744506835938,74.79708862304688,66.13668060302734
429,70.73404693603516,72.25042724609375,74.48300170898438,72.30008697509766,69.59762573242188,75.15460968017578,64.93272399902344,79.0847396850586,65.52592468261719,64.99578094482422,72.31539916992188,63.2889289855957,75.94416046142578,74.53140258789062,65.8094253540039
430,70.78516387939453,72.4227294921875,74.67231750488281,72.44520568847656,69.7568130493164,75.296630859375,64.59827423095703,79.35564422607422,65.54463195800781,65.0875244140625,72.49147033691406,63.45783233642578,76.15011596679688,74.64266204833984,65.97511291503906
431,70.92073059082031,72.46224975585938,74.67286682128906,72.51373291015625,69.79296875,75.46397399902344,65.24702453613281,79.24346923828125,65.73683166503906,65.2014389038086,72.60626983642578,63.5571517944336,76.05442810058594,74.76386260986328,66.00518798828125
432,70.94935607910156,72.52323913574219,74.80158996582031,72.46161651611328,69.76395416259766,75.5315170288086,64.62188720703125,79.38103485107422,65.49312591552734,65.19139862060547,72.69880676269531,63.76130294799805,76.3069076538086,74.67607879638672,66.1946029663086
433,70.88497924804688,72.47305297851562,74.74752807617188,72.56658172607422,69.80266571044922,75.45734405517578,65.50572204589844,79.32022094726562,65.56614685058594,65.18608093261719,72.63432312011719,63.61061477661133,76.12688446044922,74.6475830078125,66.14253997802734
434,70.90827178955078,72.4208755493164,74.70237731933594,72.40162658691406,69.72663116455078,75.40211486816406,64.3179931640625,79.26017761230469,65.4789047241211,65.11807250976562,72.56712341308594,63.73354721069336,76.21182250976562,74.64164733886719,66.05035400390625
435,71.0029067993164,72.55318450927734,74.8045883178711,72.73443603515625,69.9248046875,75.5409927368164,65.2442626953125,79.51726531982422,65.69733428955078,65.29405212402344,72.69843292236328,63.6523666381836,76.28389739990234,74.86109161376953,66.2084732055664
436,70.7040786743164,72.33500671386719,74.62206268310547,72.3292465209961,69.59024047851562,75.29486846923828,64.68167114257812,79.07505798339844,65.53236389160156,65.03019714355469,72.49624633789062,63.62068557739258,76.08309936523438,74.31124114990234,65.7724609375
437,70.77539825439453,72.32698822021484,74.57661437988281,72.4803237915039,69.7315902709961,75.21126556396484,65.3125,79.23220825195312,65.68905639648438,65.10490417480469,72.40909576416016,63.267677307128906,76.03240966796875,74.63653564453125,65.93831634521484
438,70.72638702392578,72.30470275878906,74.63438415527344,72.30196380615234,69.66840362548828,75.20719146728516,64.36873626708984,79.26663208007812,65.31393432617188,65.04590606689453,72.38225555419922,63.6231575012207,76.17862701416016,74.41070556640625,65.9544677734375
439,70.5970230102539,72.30748748779297,74.64183807373047,72.35836791992188,69.6436996459961,75.21449279785156,64.11849975585938,79.30718994140625,65.12601470947266,64.89668273925781,72.43973541259766,63.65917205810547,76.14979553222656,74.20474243164062,65.77436828613281
440,70.93389892578125,72.48158264160156,74.74189758300781,72.66156005859375,69.91763305664062,75.34661865234375,65.18193817138672,79.47349548339844,65.73809051513672,65.24960327148438,72.5326156616211,63.40719223022461,76.23664855957031,74.7681884765625,66.12445831298828
441,70.69731903076172,72.3640365600586,74.6467056274414,72.36955261230469,69.6576156616211,75.26204681396484,64.25383758544922,79.28956604003906,65.17322540283203,65.06746673583984,72.46392822265625,63.66162109375,76.1611557006836,74.39396667480469,65.95011138916016
442,70.99127197265625,72.54197692871094,74.77684783935547,72.55123138427734,69.82279968261719,75.53878784179688,65.03726196289062,79.40827178955078,65.61417388916016,65.25261688232422,72.69464111328125,63.79246520996094,76.26886749267578,74.78739929199219,66.22645568847656
443,70.68732452392578,72.34807586669922,74.70323944091797,72.213134765625,69.545654296875,75.30474853515625,63.97978210449219,79.26644134521484,65.1096420288086,65.09500122070312,72.48210906982422,63.832786560058594,76.1780776977539,74.21915435791016,65.86066436767578
444,71.04688262939453,72.61538696289062,74.83409881591797,72.61581420898438,69.92508697509766,75.57860565185547,64.79951477050781,79.47866821289062,65.67344665527344,65.21390533447266,72.74583435058594,63.7387809753418,76.3237075805664,74.84761810302734,66.28337860107422
445,70.5538330078125,72.19541931152344,74.53401184082031,72.27213287353516,69.57919311523438,75.1085433959961,64.00820922851562,79.16661071777344,65.06134033203125,64.8955307006836,72.26132202148438,63.58232498168945,76.06022644042969,74.1756591796875,65.76536560058594
446,71.02827453613281,72.49011993408203,74.7677230834961,72.51788330078125,69.76388549804688,75.43184661865234,64.37869262695312,79.32829284667969,65.57064819335938,65.22078704833984,72.6249008178711,63.7906379699707,76.29216766357422,74.7047348022461,66.080810546875
447,70.79183959960938,72.42344665527344,74.65103912353516,72.46064758300781,69.7281723022461,75.35650634765625,65.17757415771484,79.24555206298828,65.52515411376953,65.0820083618164,72.5248794555664,63.58903884887695,76.07129669189453,74.56208038330078,65.96446228027344
448,70.96914672851562,72.51760864257812,74.77133178710938,72.67362213134766,69.833740234375,75.49838256835938,65.34654998779297,79.39878845214844,65.69076538085938,65.14042663574219,72.68099212646484,63.46870422363281,76.18372344970703,74.81055450439453,66.32489776611328
449,70.95574188232422,72.48490142822266,74.72732543945312,72.56120300292969,69.83071899414062,75.45748901367188,64.90794372558594,79.35417175292969,65.62592315673828,65.21464538574219,72.6741714477539,63.75135040283203,76.17317962646484,74.69102478027344,65.99580383300781
450,71.01576232910156,72.54161071777344,74.74860382080078,72.73497009277344,69.94985961914062,75.50018310546875,66.00093078613281,79.37989044189453,65.85169982910156,65.1981201171875,72.67695617675781,63.35249328613281,76.187255859375,74.92263793945312,66.39006805419922
451,70.67953491210938,72.36941528320312,74.60884094238281,72.3310546875,69.62310791015625,75.31434631347656,64.67088317871094,79.23799896240234,65.32281494140625,64.97186279296875,72.5053482055664,63.49859237670898,76.13529968261719,74.46544647216797,65.86658477783203
452,70.83926391601562,72.376953125,74.59786987304688,72.48072814941406,69.76042175292969,75.32731628417969,65.30231475830078,79.22099304199219,65.64696502685547,65.1238021850586,72.56302642822266,63.5998420715332,76.05967712402344,74.62882995605469,65.82120513916016
453,70.92622375488281,72.47669982910156,74.6890640258789,72.49341583251953,69.79696655273438,75.39463806152344,65.29533386230469,79.35474395751953,65.6107406616211,65.16073608398438,72.5688705444336,63.50082778930664,76.18099975585938,74.69927215576172,66.04338836669922
454,70.93917846679688,72.4589614868164,74.65756225585938,72.54866790771484,69.83001708984375,75.3367691040039,65.04642486572266,79.42344665527344,65.6757583618164,65.1876449584961,72.49420166015625,63.27357864379883,76.14747619628906,74.79299926757812,66.10995483398438
455,70.7784423828125,72.35462951660156,74.6143798828125,72.37171936035156,69.63859558105469,75.27760314941406,64.65914916992188,79.26591491699219,65.27375030517578,65.06735229492188,72.45543670654297,63.60078048706055,76.0746841430664,74.52967834472656,65.9919662475586
456,70.74959564208984,72.4305191040039,74.65827941894531,72.48300170898438,69.71611785888672,75.38727569580078,64.96763610839844,79.30758666992188,65.33006286621094,65.0716552734375,72.57913970947266,63.66489410400391,76.1504135131836,74.55484771728516,65.94774627685547
457,70.82533264160156,72.39859771728516,74.66342163085938,72.38758087158203,69.73513793945312,75.38147735595703,64.45497131347656,79.29167175292969,65.36985778808594,65.10382080078125,72.59807586669922,63.6780891418457,76.15550231933594,74.56902313232422,65.99053955078125
458,70.6745376586914,72.34510803222656,74.63020324707031,72.4371337890625,69.71858215332031,75.2186279296875,65.33550262451172,79.30300903320312,65.46031951904297,65.08714294433594,72.41109466552734,63.40631484985352,76.1045150756836,74.5309829711914,65.98594665527344
459,71.04019927978516,72.5976791381836,74.81320190429688,72.7017822265625,69.90348815917969,75.573486328125,65.37615203857422,79.50259399414062,65.65898895263672,65.28816986083984,72.7347412109375,63.760990142822266,76.29142761230469,74.87627410888672,66.21509552001953
460,70.74015808105469,72.2262191772461,74.55579376220703,72.44596862792969,69.71926879882812,75.11450958251953,65.01432800292969,79.29730224609375,65.48639678955078,65.00173950195312,72.2647705078125,63.431060791015625,76.10022735595703,74.56945037841797,66.08480834960938
461,70.83707427978516,72.38642120361328,74.63623046875,72.41009521484375,69.68254852294922,75.3443832397461,64.93603515625,79.22101593017578,65.5017318725586,65.14115142822266,72.510009765625,63.464874267578125,76.14493560791016,74.62895965576172,65.96644592285156
462,70.73780822753906,72.2841796875,74.58582305908203,72.25838470458984,69.6128158569336,75.23764038085938,64.61551666259766,79.18314361572266,65.38563537597656,65.0426025390625,72.44218444824219,63.72818756103516,76.07548522949219,74.29052734375,65.89691925048828
463,70.95613098144531,72.58174133300781,74.77398681640625,72.67424774169922,69.86611938476562,75.44220733642578,65.48218536376953,79.41412353515625,65.72718811035156,65.18351745605469,72.61741638183594,63.42322540283203,76.26183319091797,74.86424255371094,66.27922821044922
464,70.52088928222656,72.16407012939453,74.5161361694336,72.27386474609375,69.63004302978516,75.08512115478516,64.83258819580078,79.17871856689453,65.21407318115234,64.836181640625,72.25255584716797,63.554630279541016,76.10059356689453,74.15921020507812,65.7254638671875
465,70.84102630615234,72.43144989013672,74.64799499511719,72.4384536743164,69.73763275146484,75.39542388916016,65.20938873291016,79.21719360351562,65.56353759765625,65.1323013305664,72.59928131103516,63.54068756103516,76.12718963623047,74.6045913696289,65.93852233886719
466,70.9030990600586,72.46932983398438,74.70861053466797,72.485107421875,69.77760314941406,75.38846588134766,65.22348022460938,79.31362915039062,65.64981079101562,65.13594818115234,72.55280303955078,63.393497467041016,76.18201446533203,74.74493408203125,66.09820556640625
467,70.92448425292969,72.52159881591797,74.79415893554688,72.45580291748047,69.73218536376953,75.49723815917969,64.18292236328125,79.43741607666016,65.31993103027344,65.1850357055664,72.6676025390625,63.91407775878906,76.3653564453125,74.61805725097656,65.94152069091797
468,70.74500274658203,72.35895538330078,74.6502914428711,72.3443603515625,69.66912078857422,75.29721069335938,64.06013488769531,79.2390365600586,65.3139419555664,65.06049346923828,72.53057098388672,63.80127716064453,76.1535873413086,74.38873291015625,65.84181213378906
469,70.68860626220703,72.2724838256836,74.55940246582031,72.34738159179688,69.6649398803711,75.2030258178711,64.34078979492188,79.20410919189453,65.37026977539062,65.05643463134766,72.41649627685547,63.54180145263672,76.01654052734375,74.44391632080078,65.85038757324219
470,71.03936004638672,72.56706237792969,74.80850219726562,72.58678436279297,69.89472961425781,75.52645874023438,64.7283935546875,79.42404174804688,65.64163208007812,65.26055145263672,72.72282409667969,63.6188850402832,76.28780364990234,74.76531982421875,66.059326171875
471,70.75756072998047,72.38874053955078,74.66803741455078,72.4729232788086,69.63548278808594,75.30426788330078,64.55424499511719,79.2782974243164,65.3294677734375,65.05973815917969,72.49534606933594,63.622802734375,76.17912292480469,74.54584503173828,66.0273666381836
472,70.74565887451172,72.23696899414062,74.5893783569336,72.41937255859375,69.68630981445312,75.144775390625,65.1356201171875,79.24053192138672,65.57147216796875,65.06067657470703,72.30021667480469,63.48576736450195,76.10416412353516,74.50334930419922,65.95436096191406
473,70.94989776611328,72.51248931884766,74.76411437988281,72.66454315185547,69.89684295654297,75.3846435546875,65.67146301269531,79.5080795288086,65.81318664550781,65.22793579101562,72.54109191894531,63.41514587402344,76.2202377319336,74.83834838867188,66.14859771728516
474,70.5062484741211,72.20671844482422,74.52222442626953,72.1622543334961,69.48344421386719,75.09610748291016,64.20167541503906,79.09847259521484,64.99046325683594,64.85066223144531,72.2720718383789,63.41767120361328,76.00777435302734,74.1176986694336,65.78627014160156
475,70.8205337524414,72.53646850585938,74.74418640136719,72.5218276977539,69.80225372314453,75.40104675292969,65.16410827636719,79.39759826660156,65.5675048828125,65.13829040527344,72.57227325439453,63.397586822509766,76.20821380615234,74.68831634521484,66.092041015625
476,71.00334930419922,72.63008880615234,74.88606262207031,72.6495590209961,69.88965606689453,75.59191131591797,64.85115814208984,79.51107025146484,65.5479736328125,65.26929473876953,72.74308013916016,63.81232070922852,76.3686294555664,74.77713775634766,66.33647155761719
477,70.67569732666016,72.27049255371094,74.65767669677734,72.30558013916016,69.63870239257812,75.2423095703125,64.12683868408203,79.25537872314453,65.25341033935547,65.0632553100586,72.41110229492188,63.8004035949707,76.20211791992188,74.26423645019531,65.8519515991211
478,71.01404571533203,72.56261444091797,74.79278564453125,72.5472640991211,69.81493377685547,75.51715850830078,64.80611419677734,79.40206909179688,65.66874694824219,65.203369140625,72.69525909423828,63.649681091308594,76.28717041015625,74.6838607788086,66.09544372558594
479,70.59902954101562,72.20696258544922,74.56002807617188,72.22701263427734,69.56822967529297,75.13811492919922,64.06906127929688,79.05052947998047,65.21127319335938,64.90512084960938,72.27557373046875,63.5325813293457,76.1175308227539,74.22632598876953,65.90562438964844
480,71.05424499511719,72.60115051269531,74.80432891845703,72.66988372802734,69.86811828613281,75.5690689086914,65.55948638916016,79.48861694335938,65.74024200439453,65.30882263183594,72.73829650878906,63.591835021972656,76.31392669677734,74.79712677001953,66.19677734375
481,70.84183502197266,72.41891479492188,74.66120147705078,72.45328521728516,69.73334503173828,75.33354187011719,65.23009490966797,79.30480194091797,65.4888687133789,65.11676788330078,72.50559997558594,63.4773063659668,76.1967544555664,74.6723861694336,65.99620819091797
482,70.79793548583984,72.27044677734375,74.54574584960938,72.39530181884766,69.62488555908203,75.16471862792969,64.68031311035156,79.11310577392578,65.4489974975586,65.02588653564453,72.3481216430664,63.47579574584961,76.02412414550781,74.55789184570312,66.00233459472656
483,70.91755676269531,72.48577880859375,74.69149780273438,72.4404525756836,69.74391174316406,75.43572998046875,64.95137023925781,79.23345184326172,65.5025405883789,65.08722686767578,72.59737396240234,63.66966247558594,76.18869018554688,74.62360382080078,65.9785385131836
484,70.90998077392578,72.4751205444336,74.69733428955078,72.41744995117188,69.74466705322266,75.45142364501953,64.75860595703125,79.27310943603516,65.53559112548828,65.11115264892578,72.64221954345703,63.831424713134766,76.18929290771484,74.61474609375,65.89328002929688
485,70.80226135253906,72.29833221435547,74.54177856445312,72.34730529785156,69.65674591064453,75.1903076171875,65.10842895507812,79.25807189941406,65.53687286376953,65.10415649414062,72.37186431884766,63.4173698425293,76.00586700439453,74.55471801757812,65.85262298583984
486,70.94003295898438,72.44660186767578,74.67337036132812,72.50638580322266,69.76995086669922,75.40308380126953,65.58673858642578,79.27739715576172,65.61860656738281,65.14927673339844,72.57255554199219,63.5197868347168,76.16068267822266,74.72726440429688,66.1883544921875
487,70.95646667480469,72.5009994506836,74.73571014404297,72.58817291259766,69.84724426269531,75.4634780883789,65.26197814941406,79.42704772949219,65.64807891845703,65.25381469726562,72.66619873046875,63.57086944580078,76.20962524414062,74.79740142822266,66.11990356445312
488,71.03739166259766,72.494140625,74.71463775634766,72.6644058227539,69.88309478759766,75.4261245727539,65.38899993896484,79.41575622558594,65.82335662841797,65.27130126953125,72.63116455078125,63.64318084716797,76.20820617675781,74.84608459472656,66.18023681640625
489,70.78246307373047,72.41968536376953,74.6720962524414,72.55847930908203,69.7920150756836,75.33142852783203,65.34292602539062,79.35850524902344,65.54046630859375,65.14756774902344,72.49004364013672,63.58423614501953,76.16316223144531,74.6761474609375,66.12310791015625
490,70.90630340576172,72.47802734375,74.72360229492188,72.47435760498047,69.7154312133789,75.48612213134766,64.40522766113281,79.35980987548828,65.3541259765625,65.149169921875,72.63992309570312,63.69790267944336,76.21123504638672,74.6171646118164,66.01719665527344
491,70.82512664794922,72.33907318115234,74.67141723632812,72.41731262207031,69.71991729736328,75.27095794677734,64.52792358398438,79.27235412597656,65.50991821289062,65.09043884277344,72.4593734741211,63.67463684082031,76.19815826416016,74.45327758789062,65.99681091308594
492,70.9771728515625,72.51200866699219,74.70573425292969,72.57794952392578,69.86707305908203,75.49555206298828,64.99543762207031,79.40018463134766,65.6697769165039,65.21537780761719,72.61747741699219,63.5014762878418,76.2621841430664,74.81641387939453,66.1603012084961
493,70.93045806884766,72.42976379394531,74.67314147949219,72.56294250488281,69.78800201416016,75.34114837646484,65.30010986328125,79.35987854003906,65.6375732421875,65.14476013183594,72.51885986328125,63.41442108154297,76.16344451904297,74.72513580322266,66.0770263671875
494,70.94621276855469,72.50566101074219,74.76161193847656,72.48961639404297,69.80516052246094,75.4404525756836,64.83865356445312,79.3855209350586,65.5521011352539,65.22547912597656,72.61017608642578,63.64747619628906,76.2806625366211,74.70079803466797,66.06209564208984
495,71.03369140625,72.57525634765625,74.76236724853516,72.68461608886719,69.92228698730469,75.53422546386719,65.74850463867188,79.43948364257812,65.80602264404297,65.25148010253906,72.72335052490234,63.545166015625,76.22161865234375,74.89778137207031,66.1112289428711
496,70.84556579589844,72.39242553710938,74.66329193115234,72.46717071533203,69.72492218017578,75.4234619140625,65.211181640625,79.26899719238281,65.54607391357422,65.11151885986328,72.55883026123047,63.63871765136719,76.12541961669922,74.604736328125,65.85670471191406
497,70.42335510253906,72.10800170898438,74.41362762451172,72.15202331542969,69.48754119873047,75.06111907958984,64.44717407226562,79.1103744506836,65.09329223632812,64.82119750976562,72.22433471679688,63.53572082519531,75.9912338256836,74.04370880126953,65.60702514648438
498,71.01744079589844,72.46617126464844,74.76644897460938,72.68170928955078,69.9205093383789,75.3532943725586,65.73056030273438,79.51921081542969,65.82726287841797,65.25347137451172,72.50177764892578,63.467552185058594,76.21613311767578,74.82122039794922,66.09028625488281
499,70.97579956054688,72.55831909179688,74.77448272705078,72.63214874267578,69.87506866455078,75.55547332763672,65.46943664550781,79.33476257324219,65.78239440917969,65.22760009765625,72.72704315185547,63.64175033569336,76.20182037353516,74.81797790527344,66.1766586303711
500,70.86397552490234,72.41758728027344,74.65306091308594,72.48941802978516,69.76294708251953,75.370849609375,65.11088562011719,79.23127746582031,65.68083953857422,65.12418365478516,72.61412811279297,63.59516906738281,76.10914611816406,74.53514099121094,65.85281372070312
501,70.81240844726562,72.34011840820312,74.62063598632812,72.37089538574219,69.6852798461914,75.21991729736328,64.75176239013672,79.25345611572266,65.48790740966797,65.08405303955078,72.39431762695312,63.53051376342773,76.13230895996094,74.5141830444336,66.04049682617188
502,70.9371109008789,72.50096893310547,74.69267272949219,72.50469207763672,69.7538070678711,75.43462371826172,65.03035736083984,79.26473236083984,65.71179962158203,65.14873504638672,72.63102722167969,63.58429336547852,76.1606216430664,74.66564178466797,65.87315368652344
503,70.94062805175781,72.51631927490234,74.78852081298828,72.55050659179688,69.8093490600586,75.48836517333984,65.03594207763672,79.32320404052734,65.5555191040039,65.17884826660156,72.66328430175781,63.65386581420898,76.24019622802734,74.76077270507812,66.05412292480469
504,71.07847595214844,72.59773254394531,74.8724136352539,72.73095703125,69.95601654052734,75.5656509399414,65.15192413330078,79.47222900390625,65.77922058105469,65.27405548095703,72.75548553466797,63.66007995605469,76.3284683227539,74.83037567138672,66.2611312866211
505,70.91747283935547,72.47428131103516,74.73584747314453,72.48621368408203,69.80282592773438,75.46752166748047,65.03227996826172,79.2518310546875,65.64945983886719,65.15636444091797,72.64453887939453,63.750274658203125,76.20833587646484,74.6730728149414,66.04364013671875
506,70.605224609375,72.27177429199219,74.54794311523438,72.24614715576172,69.54090118408203,75.15972137451172,64.60763549804688,79.11585998535156,65.27412414550781,64.95673370361328,72.29891967773438,63.35451126098633,76.03572082519531,74.3866195678711,65.86050415039062
507,70.61429595947266,72.24116516113281,74.6236572265625,72.29875183105469,69.56056213378906,75.22416687011719,64.25029754638672,79.17874145507812,65.20333099365234,64.93478393554688,72.43217468261719,63.79341506958008,76.1313705444336,74.1382827758789,65.7841567993164
508,70.92201232910156,72.45233917236328,74.70667266845703,72.50334167480469,69.77503204345703,75.4000473022461,64.8675537109375,79.41809844970703,65.4638900756836,65.1288070678711,72.60260009765625,63.74917221069336,76.23174285888672,74.6708755493164,66.0940933227539
509,70.5620346069336,72.22268676757812,74.5777816772461,72.24987030029297,69.63917541503906,75.13557434082031,64.25389099121094,79.18678283691406,65.0631103515625,64.83738708496094,72.33357238769531,63.60810470581055,76.14868927001953,74.20964813232422,65.94884490966797
510,70.84132385253906,72.49144744873047,74.7368392944336,72.4854736328125,69.7957534790039,75.40281677246094,65.35386657714844,79.40065002441406,65.57238006591797,65.1019287109375,72.56858825683594,63.55987548828125,76.2286376953125,74.68180084228516,66.15843200683594
511,70.73446655273438,72.42484283447266,74.63099670410156,72.46418762207031,69.71295166015625,75.3216323852539,64.92219543457031,79.2721176147461,65.43590545654297,65.0589599609375,72.50698852539062,63.43452453613281,76.08822631835938,74.55709075927734,66.02447509765625
512,70.78971099853516,72.40970611572266,74.62689971923828,72.4480972290039,69.7605209350586,75.27780151367188,65.04517364501953,79.27684020996094,65.59890747070312,65.10707092285156,72.4610824584961,63.35775375366211,76.07563018798828,74.66043853759766,66.0130386352539
513,70.94782257080078,72.51133728027344,74.72332763671875,72.55545806884766,69.78289031982422,75.46295928955078,65.41606903076172,79.35785675048828,65.59149169921875,65.05520629882812,72.62809753417969,63.525611877441406,76.22434997558594,74.75025939941406,66.18518829345703
514,70.99696350097656,72.50096893310547,74.7209243774414,72.67508697509766,69.90689849853516,75.3734130859375,65.14930725097656,79.47172546386719,65.76854705810547,65.19009399414062,72.51318359375,63.35210800170898,76.21549224853516,74.85928344726562,66.19648742675781
515,70.57842254638672,72.06624603271484,74.46990203857422,72.32225036621094,69.61656951904297,75.03095245361328,64.67436218261719,79.15626525878906,65.37956237792969,64.93620300292969,72.19241333007812,63.54508972167969,76.03224182128906,74.2239761352539,65.8393325805664
516,70.97831726074219,72.47732543945312,74.74555969238281,72.58499145507812,69.85347747802734,75.46399688720703,65.35791778564453,79.38428497314453,65.74520874023438,65.2196273803711,72.62621307373047,63.64715576171875,76.21720123291016,74.7956771850586,66.13104248046875
517,70.80584716796875,72.42486572265625,74.65191650390625,72.49789428710938,69.75226593017578,75.3558349609375,64.91947937011719,79.28190612792969,65.41777801513672,65.08125305175781,72.5302963256836,63.60977935791016,76.15245056152344,74.59748840332031,65.94657135009766
518,70.84850311279297,72.49644470214844,74.72925567626953,72.59168243408203,69.84262084960938,75.36456298828125,65.28907012939453,79.43218994140625,65.56163024902344,65.16153717041016,72.52528381347656,63.46503829956055,76.204345703125,74.72686004638672,66.26544952392578
519,70.82079315185547,72.40277862548828,74.66895294189453,72.42506408691406,69.7279281616211,75.30103302001953,64.922607421875,79.30192565917969,65.4957046508789,65.07086181640625,72.49588012695312,63.6486930847168,76.182861328125,74.60162353515625,65.99617767333984
520,70.90397644042969,72.47032165527344,74.70201873779297,72.51170349121094,69.79685974121094,75.43175506591797,65.25048065185547,79.26603698730469,65.58560943603516,65.15181732177734,72.59962463378906,63.491310119628906,76.15311431884766,74.75081634521484,66.203857421875
521,70.78289794921875,72.4855728149414,74.68238830566406,72.4674072265625,69.78701782226562,75.391357421875,64.8705825805664,79.31334686279297,65.54312133789062,65.14360046386719,72.57342529296875,63.43909454345703,76.13907623291016,74.6026611328125,66.05226135253906
522,71.05227661132812,72.62895965576172,74.84782409667969,72.59661102294922,69.8882827758789,75.57173156738281,64.73230743408203,79.42845916748047,65.69621276855469,65.2697525024414,72.74264526367188,63.66733932495117,76.29474639892578,74.8034439086914,66.26937866210938
523,70.98703002929688,72.55279541015625,74.79106140136719,72.73627471923828,69.94361877441406,75.49430084228516,65.2593765258789,79.62139129638672,65.75652313232422,65.24065399169922,72.67724609375,63.55709838867188,76.22079467773438,74.83438110351562,66.28514862060547
524,70.84138488769531,72.41069793701172,74.70818328857422,72.55901336669922,69.81439971923828,75.3311996459961,65.21097564697266,79.38933563232422,65.67053985595703,65.18959045410156,72.49073791503906,63.456146240234375,76.1916732788086,74.70258331298828,66.06159210205078
525,71.11609649658203,72.61598205566406,74.84907531738281,72.63908386230469,69.91588592529297,75.55885314941406,64.62344360351562,79.48773956298828,65.67901611328125,65.3052749633789,72.73267364501953,63.70577621459961,76.36202239990234,74.85342407226562,66.28199005126953
526,70.6548080444336,72.2356948852539,74.55963897705078,72.34740447998047,69.66004943847656,75.13916015625,64.54951477050781,79.2249526977539,65.44615936279297,64.9899673461914,72.31253051757812,63.42744445800781,76.0718994140625,74.38865661621094,65.88069152832031
527,70.42359161376953,72.1080551147461,74.44111633300781,72.1856918334961,69.50439453125,75.01419830322266,64.28903198242188,79.09602355957031,65.03614807128906,64.75230407714844,72.21083068847656,63.56234359741211,76.0299072265625,74.02607727050781,65.62849426269531
528,70.93309783935547,72.43408966064453,74.7209701538086,72.62244415283203,69.84142303466797,75.34607696533203,65.2044906616211,79.40364074707031,65.72315216064453,65.15618133544922,72.50403594970703,63.45780944824219,76.25846862792969,74.75452423095703,66.13876342773438
529,70.6185531616211,72.33250427246094,74.58734893798828,72.31672668457031,69.6504135131836,75.19432067871094,64.82632446289062,79.2787094116211,65.26947784423828,64.97600555419922,72.4385757446289,63.484893798828125,76.05460357666016,74.39289093017578,65.83414459228516
530,70.64418029785156,72.27432250976562,74.61911010742188,72.3669204711914,69.63803100585938,75.15731811523438,64.08358764648438,79.27539825439453,65.16258239746094,65.03540802001953,72.32746887207031,63.57171630859375,76.12397003173828,74.34944915771484,66.03327941894531
531,70.72842407226562,72.30908203125,74.67813873291016,72.36060333251953,69.69236755371094,75.21755981445312,64.40467834472656,79.27818298339844,65.34847259521484,64.9637451171875,72.39249420166016,63.69453430175781,76.22008514404297,74.36161041259766,65.90593719482422
532,71.14569854736328,72.69166564941406,74.91849517822266,72.7291259765625,69.96776580810547,75.67383575439453,65.09290313720703,79.58489227294922,65.6987533569336,65.34423828125,72.84911346435547,63.9583740234375,76.40991973876953,74.89480590820312,66.26533508300781
533,70.71031951904297,72.30498504638672,74.59347534179688,72.47117614746094,69.74560546875,75.17123413085938,65.03671264648438,79.29866027832031,65.53410339355469,65.06897735595703,72.35873413085938,63.28767776489258,76.05724334716797,74.5890884399414,66.00611114501953
534,70.90812683105469,72.5418701171875,74.79861450195312,72.55999755859375,69.78759002685547,75.52312469482422,65.07434844970703,79.37666320800781,65.54679107666016,65.15826416015625,72.70035552978516,63.68253707885742,76.26000213623047,74.702880859375,66.16527557373047
535,70.74320983886719,72.27677154541016,74.59870147705078,72.42325592041016,69.70925903320312,75.2096176147461,64.92127990722656,79.15516662597656,65.46023559570312,65.05872344970703,72.36840057373047,63.55072021484375,76.08602905273438,74.46672821044922,65.90599822998047
536,70.83258056640625,72.36369323730469,74.6780014038086,72.34618377685547,69.65767669677734,75.40003204345703,64.30318450927734,79.06924438476562,65.44029998779297,65.0430679321289,72.56616973876953,63.819610595703125,76.1948471069336,74.3662338256836,65.88387298583984
537,70.72664642333984,72.19121551513672,74.53715515136719,72.42132568359375,69.6866226196289,75.09458923339844,64.90663146972656,79.27076721191406,65.50138092041016,65.05089569091797,72.23954010009766,63.36538696289063,76.04268646240234,74.5726318359375,66.02239990234375
538,70.85948181152344,72.4729232788086,74.70100402832031,72.55451202392578,69.8212890625,75.44509887695312,65.26956939697266,79.3082275390625,65.53237915039062,65.1115493774414,72.63438415527344,63.515235900878906,76.10230255126953,74.65599822998047,66.05132293701172
539,71.01007080078125,72.51248931884766,74.75880432128906,72.64705657958984,69.88225555419922,75.46887969970703,65.24777221679688,79.36441040039062,65.72966003417969,65.18810272216797,72.62913513183594,63.47422790527344,76.19442749023438,74.81234741210938,66.30010986328125
540,70.86225891113281,72.46703338623047,74.73113250732422,72.45366668701172,69.75865173339844,75.39033508300781,64.58807373046875,79.2707290649414,65.3970947265625,65.10096740722656,72.60678100585938,63.66714477539063,76.18214416503906,74.62467193603516,66.04644012451172
541,70.73117065429688,72.35093688964844,74.67740631103516,72.49541473388672,69.7375717163086,75.29114532470703,64.76481628417969,79.32560729980469,65.3701171875,65.06825256347656,72.481689453125,63.74824523925781,76.19429779052734,74.4133071899414,65.97269439697266
542,70.8953857421875,72.46278381347656,74.6717529296875,72.49735260009766,69.79863739013672,75.39939880371094,64.82330322265625,79.26851654052734,65.58023071289062,65.08502960205078,72.57273864746094,63.59587097167969,76.1545639038086,74.74187469482422,66.05116271972656
543,71.06784057617188,72.60746765136719,74.87947082519531,72.62953186035156,69.8854751586914,75.5593490600586,65.0640640258789,79.48762512207031,65.66616821289062,65.28413391113281,72.7584457397461,63.794189453125,76.36236572265625,74.78419494628906,66.28944396972656
544,70.87301635742188,72.4526138305664,74.63066101074219,72.59268188476562,69.81163787841797,75.33850860595703,65.29046630859375,79.34133911132812,65.62603759765625,65.18827056884766,72.60105895996094,63.58036422729492,76.07716369628906,74.658203125,65.92700958251953
545,70.87713623046875,72.52560424804688,74.73826599121094,72.5248031616211,69.74110412597656,75.46768951416016,65.200927734375,79.36693572998047,65.50604248046875,65.13200378417969,72.62470245361328,63.588993072509766,76.20962524414062,74.66376495361328,66.07299041748047
546,70.59255981445312,72.22716522216797,74.6220932006836,72.28074645996094,69.58973693847656,75.15435791015625,63.98545455932617,79.28386688232422,65.0256576538086,64.97767639160156,72.30664825439453,63.66683578491211,76.13151550292969,74.25247955322266,65.97555541992188
547,70.89903259277344,72.4654312133789,74.70160675048828,72.45782470703125,69.75582885742188,75.43865203857422,65.1725845336914,79.26033782958984,65.58196258544922,65.12345123291016,72.62109375,63.54108810424805,76.14395141601562,74.69525909423828,66.14376068115234
548,70.6922378540039,72.37255096435547,74.66566467285156,72.46488189697266,69.68157958984375,75.30023193359375,64.627685546875,79.3551254272461,65.15312194824219,65.10419464111328,72.4468994140625,63.647499084472656,76.16365814208984,74.45804595947266,65.94297790527344
549,70.98716735839844,72.57525634765625,74.83399963378906,72.62549591064453,69.90455627441406,75.55569458007812,65.1139907836914,79.43191528320312,65.6466064453125,65.2767562866211,72.74032592773438,63.64103317260742,76.25477600097656,74.73299407958984,66.19886779785156
550,70.92643737792969,72.49584197998047,74.73320007324219,72.58470916748047,69.88194274902344,75.46602630615234,65.33763885498047,79.33915710449219,65.76545715332031,65.19595336914062,72.68876647949219,63.63697052001953,76.17617797851562,74.72364044189453,66.0666275024414
551,70.9934310913086,72.52403259277344,74.7686996459961,72.54733276367188,69.80805969238281,75.47679138183594,64.971435546875,79.37793731689453,65.71107482910156,65.21884155273438,72.6530990600586,63.7442626953125,76.24767303466797,74.7251205444336,66.04109954833984
552,71.01193237304688,72.4359130859375,74.73612976074219,72.52317810058594,69.79301452636719,75.38346862792969,64.77346801757812,79.34597778320312,65.71730041503906,65.1809310913086,72.58023834228516,63.73629379272461,76.23272705078125,74.7064208984375,66.2394790649414
553,70.75008392333984,72.40638732910156,74.63330841064453,72.30088806152344,69.70087432861328,75.30745697021484,64.85868835449219,79.26953887939453,65.35292053222656,65.02832794189453,72.50079345703125,63.51011657714844,76.14092254638672,74.58546447753906,65.89722442626953
554,70.79182434082031,72.42457580566406,74.64937591552734,72.37290954589844,69.69756317138672,75.32903289794922,64.74116516113281,79.27599334716797,65.44681549072266,65.13189697265625,72.50328826904297,63.41287612915039,76.12615966796875,74.60906219482422,66.01370239257812
555,70.86554718017578,72.5400390625,74.73585510253906,72.4458236694336,69.7765884399414,75.50580596923828,64.93804931640625,79.27926635742188,65.50065612792969,65.09971618652344,72.6363296508789,63.53850555419922,76.25108337402344,74.6590576171875,66.15271759033203
556,70.93927764892578,72.46512603759766,74.67353820800781,72.56729888916016,69.82076263427734,75.37499237060547,65.24481201171875,79.3874740600586,65.6585464477539,65.22811889648438,72.57608795166016,63.497108459472656,76.1588134765625,74.75027465820312,66.0721664428711
557,70.84258270263672,72.39689636230469,74.635009765625,72.44477081298828,69.71499633789062,75.37727355957031,64.99530029296875,79.2836685180664,65.49203491210938,65.13910675048828,72.54000854492188,63.44340515136719,76.08352661132812,74.59601593017578,65.92442321777344
558,70.6747817993164,72.22886657714844,74.54468536376953,72.3488998413086,69.62321472167969,75.11671447753906,64.53408813476562,79.2716293334961,65.33319854736328,64.95716094970703,72.28716278076172,63.48427963256836,76.06140899658203,74.39595794677734,65.94745635986328
559,70.68761444091797,72.2831039428711,74.61865234375,72.37577056884766,69.64530944824219,75.26020812988281,64.41253662109375,79.18760681152344,65.35679626464844,65.03467559814453,72.41397857666016,63.66419982910156,76.12505340576172,74.39424896240234,65.8640365600586
560,70.7944564819336,72.31511688232422,74.65850067138672,72.3716049194336,69.6637954711914,75.27091217041016,64.73135375976562,79.25907135009766,65.4676284790039,65.06307983398438,72.4554443359375,63.71112823486328,76.14302062988281,74.40127563476562,65.96295166015625
561,70.89653778076172,72.45703125,74.69775390625,72.39088439941406,69.66619873046875,75.40308380126953,64.70423126220703,79.23432159423828,65.43550109863281,65.1397476196289,72.51773071289062,63.53999710083008,76.1964340209961,74.55872344970703,65.9771728515625
562,70.90595245361328,72.4456787109375,74.7000732421875,72.55419921875,69.84273529052734,75.4061279296875,64.706787109375,79.40277862548828,65.50122833251953,65.18489074707031,72.5880126953125,63.78205490112305,76.1973648071289,74.6677474975586,66.10336303710938
563,70.99394226074219,72.51469421386719,74.73621368408203,72.5434799194336,69.77130126953125,75.50910949707031,65.19595336914062,79.32897186279297,65.76471710205078,65.2001724243164,72.69499206542969,63.77201843261719,76.21985626220703,74.71635437011719,66.04914093017578
564,71.02120971679688,72.60549926757812,74.82295227050781,72.5197982788086,69.8200912475586,75.5527572631836,64.60726928710938,79.4675064086914,65.59276580810547,65.22264099121094,72.70313262939453,63.66919708251953,76.3459701538086,74.77375030517578,66.20545959472656
565,70.81520080566406,72.41051483154297,74.69541931152344,72.45575714111328,69.6933822631836,75.35494995117188,64.80766296386719,79.24777221679688,65.48330688476562,65.09101104736328,72.51811218261719,63.69229888916016,76.20918273925781,74.49205780029297,65.9872817993164
566,70.86096954345703,72.49144744873047,74.66056060791016,72.54723358154297,69.8024673461914,75.37818908691406,65.20764923095703,79.31324005126953,65.69703674316406,65.12310028076172,72.59390258789062,63.353294372558594,76.12767028808594,74.70054626464844,66.10742950439453
567,70.97852325439453,72.51234436035156,74.80610656738281,72.55571746826172,69.76766204833984,75.53221893310547,64.7001953125,79.42767333984375,65.47161102294922,65.245849609375,72.69602966308594,63.69816970825195,76.33058166503906,74.7025146484375,66.0895004272461
568,70.78374481201172,72.36283874511719,74.65923309326172,72.41947937011719,69.6537094116211,75.31122589111328,64.6507797241211,79.31261444091797,65.3821029663086,65.09194946289062,72.48408508300781,63.73177719116211,76.18185424804688,74.48883819580078,65.98915100097656
569,70.81652069091797,72.47251892089844,74.69715881347656,72.50503540039062,69.7651596069336,75.38025665283203,64.79505920410156,79.30756378173828,65.39131164550781,65.13739776611328,72.58544158935547,63.50513458251953,76.15657043457031,74.60565185546875,66.09484100341797
570,70.95240020751953,72.46067810058594,74.6978759765625,72.58434295654297,69.81099700927734,75.36906433105469,65.0134506225586,79.39002990722656,65.6341323852539,65.1964340209961,72.54471588134766,63.637962341308594,76.17437744140625,74.70501708984375,66.08934783935547
571,71.03722381591797,72.53336334228516,74.79024505615234,72.5975112915039,69.90562438964844,75.52511596679688,64.88851928710938,79.43184661865234,65.77959442138672,65.23851013183594,72.71551513671875,63.68021774291992,76.17729949951172,74.76361083984375,66.17730712890625
572,70.9167709350586,72.54293060302734,74.77438354492188,72.47763061523438,69.73094940185547,75.5035171508789,64.5829849243164,79.35004425048828,65.5186767578125,65.1605224609375,72.68378448486328,63.82366180419922,76.28435516357422,74.5852279663086,66.12199401855469
573,70.92823791503906,72.438720703125,74.67792510986328,72.59949493408203,69.82513427734375,75.34944152832031,65.46210479736328,79.28298950195312,65.73656463623047,65.15922546386719,72.57427215576172,63.55189514160156,76.09430694580078,74.73260498046875,66.11358642578125
574,70.85022735595703,72.4415512084961,74.7048110961914,72.37202453613281,69.68183898925781,75.37760925292969,64.56893920898438,79.30439758300781,65.32064819335938,65.07717895507812,72.56517028808594,63.5837287902832,76.2616958618164,74.59125518798828,66.04312133789062
575,70.77427673339844,72.42716217041016,74.68821716308594,72.244873046875,69.65302276611328,75.34736633300781,64.32050323486328,79.19966125488281,65.27739715576172,65.00633239746094,72.54515838623047,63.61008834838867,76.21287536621094,74.45719909667969,65.88133239746094
576,70.58294677734375,72.18051147460938,74.49237060546875,72.3548812866211,69.6370620727539,75.07608032226562,64.96541595458984,79.18748474121094,65.39701843261719,64.96847534179688,72.23770141601562,63.37086868286133,75.97559356689453,74.41936492919922,65.8301773071289
577,70.73087310791016,72.41883087158203,74.7166976928711,72.52532196044922,69.7406005859375,75.30950927734375,65.03575897216797,79.37328338623047,65.42790985107422,65.06515502929688,72.4541244506836,63.4164924621582,76.20147705078125,74.54296112060547,66.1642074584961
578,70.51937103271484,72.10774230957031,74.46852111816406,72.29767608642578,69.6153564453125,75.05378723144531,64.21832275390625,79.17011260986328,65.13168334960938,64.92485046386719,72.2652587890625,63.7614631652832,76.07364654541016,74.07000732421875,65.67471313476562
579,70.70685577392578,72.2619857788086,74.55909729003906,72.20060729980469,69.50553894042969,75.17052459716797,64.01351928710938,79.1360092163086,65.33263397216797,64.9466323852539,72.34840393066406,63.5836181640625,76.08038330078125,74.31938171386719,65.94280242919922
580,70.8034439086914,72.38980865478516,74.62283325195312,72.48589324951172,69.7524185180664,75.24695587158203,64.75692749023438,79.23489379882812,65.49641418457031,65.09220886230469,72.44224548339844,63.45058059692383,76.16919708251953,74.64131927490234,65.99881744384766
581,70.87721252441406,72.5123291015625,74.77122497558594,72.56002807617188,69.85308074951172,75.44293212890625,64.88566589355469,79.32162475585938,65.53474426269531,65.14205932617188,72.60128784179688,63.58440017700195,76.24081420898438,74.71003723144531,66.11298370361328
582,70.91001892089844,72.39706420898438,74.6650390625,72.4758529663086,69.7366943359375,75.39557647705078,64.34378051757812,79.27300262451172,65.4282455444336,65.1633071899414,72.57263946533203,63.64281463623047,76.18648529052734,74.6217041015625,66.01260375976562
583,71.02781677246094,72.56147766113281,74.8084487915039,72.61182403564453,69.8883285522461,75.52131652832031,64.97388458251953,79.38592529296875,65.69383239746094,65.2051773071289,72.67207336425781,63.714202880859375,76.30694580078125,74.82068634033203,66.09634399414062
584,70.83313751220703,72.41195678710938,74.69193267822266,72.47496795654297,69.71035766601562,75.40459442138672,64.66043090820312,79.33625793457031,65.39598083496094,65.09901428222656,72.578369140625,63.6959228515625,76.20339965820312,74.59119415283203,66.00335693359375
585,71.04666900634766,72.5583267211914,74.85930633544922,72.61021423339844,69.90676879882812,75.46382141113281,64.72346496582031,79.5199203491211,65.7364273071289,65.266357421875,72.60664367675781,63.70405197143555,76.36273956298828,74.82144165039062,66.1803970336914
586,70.77120971679688,72.40426635742188,74.64041137695312,72.3958740234375,69.664306640625,75.33451080322266,65.08827209472656,79.23750305175781,65.43437194824219,65.0496826171875,72.49360656738281,63.51508331298828,76.14424896240234,74.52733612060547,66.07717895507812
587,70.74624633789062,72.3185043334961,74.63147735595703,72.29203796386719,69.64543151855469,75.29750061035156,64.58642578125,79.2507553100586,65.35175323486328,65.0848388671875,72.49186706542969,63.740943908691406,76.171142578125,74.3837890625,65.91246795654297
588,70.75992584228516,72.44886016845703,74.71610260009766,72.44667053222656,69.74772644042969,75.358642578125,64.59111022949219,79.28775787353516,65.51318359375,65.10045623779297,72.5205307006836,63.57979202270508,76.24835205078125,74.48495483398438,66.1423568725586
589,70.68510437011719,72.31189727783203,74.68222045898438,72.31564331054688,69.63471984863281,75.24226379394531,63.81438064575195,79.33631896972656,65.04022216796875,65.06590270996094,72.4478759765625,63.80936050415039,76.21829223632812,74.2740707397461,65.86183166503906
590,70.67024230957031,72.25320434570312,74.61125946044922,72.28946685791016,69.60842895507812,75.2144546508789,64.21734619140625,79.20226287841797,65.131591796875,65.02134704589844,72.41072845458984,63.79166412353516,76.17240142822266,74.2257308959961,65.88961029052734
591,70.8997802734375,72.58016967773438,74.80621337890625,72.61881256103516,69.84939575195312,75.50379180908203,64.88914489746094,79.40802001953125,65.67716217041016,65.20618438720703,72.72432708740234,63.7536506652832,76.30073547363281,74.7042236328125,66.05533599853516
592,70.91642761230469,72.44548034667969,74.70748138427734,72.56660461425781,69.83702087402344,75.37762451171875,64.97168731689453,79.33220672607422,65.67597198486328,65.19400024414062,72.5745849609375,63.72379302978516,76.22013092041016,74.66228485107422,66.10931396484375
593,70.57645416259766,72.26858520507812,74.53709411621094,72.25747680664062,69.58306884765625,75.18799591064453,64.91663360595703,79.10184478759766,65.42316436767578,64.87261962890625,72.3484878540039,63.3252067565918,76.04218292236328,74.36184692382812,65.81011199951172
594,70.86847686767578,72.44036865234375,74.64151000976562,72.46941375732422,69.75984191894531,75.40550231933594,65.34449005126953,79.27613830566406,65.6499252319336,65.14080047607422,72.58454895019531,63.439186096191406,76.08731079101562,74.64962005615234,66.02645111083984
595,70.93692779541016,72.47583770751953,74.72926330566406,72.58386993408203,69.81904602050781,75.34797668457031,65.18842315673828,79.394287109375,65.70156860351562,65.19554901123047,72.51201629638672,63.48494338989258,76.23003387451172,74.74082946777344,66.19300079345703
596,70.79426574707031,72.41768646240234,74.70491027832031,72.30377197265625,69.6749267578125,75.36499786376953,63.963077545166016,79.30128479003906,65.30725860595703,65.10611724853516,72.60111236572266,63.779579162597656,76.25425720214844,74.3860092163086,65.84237670898438
597,70.83537292480469,72.42184448242188,74.66290283203125,72.4675521850586,69.7145767211914,75.33649444580078,64.91224670410156,79.34514617919922,65.44569396972656,65.10665893554688,72.50728607177734,63.46675491333008,76.13054656982422,74.68897247314453,66.16224670410156
598,71.02613830566406,72.52655029296875,74.73722839355469,72.51416778564453,69.81106567382812,75.45452117919922,64.7437744140625,79.3480224609375,65.57835388183594,65.17800903320312,72.62661743164062,63.53866958618164,76.28186798095703,74.75650024414062,66.23660278320312
599,71.03004455566406,72.56271362304688,74.79814910888672,72.64118194580078,69.87948608398438,75.53848266601562,65.18473815917969,79.3963851928711,65.70442962646484,65.2312240600586,72.7143325805664,63.68652725219727,76.25994110107422,74.7566146850586,66.298583984375
600,70.9593276977539,72.49837493896484,74.73480987548828,72.57501220703125,69.79977416992188,75.44683837890625,65.24723815917969,79.37570190429688,65.61549377441406,65.17935943603516,72.65498352050781,63.61544418334961,76.23053741455078,74.77085876464844,66.13555908203125
601,70.76870727539062,72.4325942993164,74.66574096679688,72.43791198730469,69.68309020996094,75.31755065917969,65.00858306884766,79.32786560058594,65.50003051757812,65.12686157226562,72.49411010742188,63.565731048583984,76.10143280029297,74.53169250488281,66.02676391601562
602,70.66687774658203,72.26756286621094,74.52676391601562,72.2739486694336,69.57772827148438,75.24451446533203,64.56578063964844,79.1396255493164,65.2694320678711,64.98139953613281,72.4375991821289,63.60152053833008,76.0807113647461,74.3996353149414,65.78253936767578
603,70.61170959472656,72.28070068359375,74.63487243652344,72.31339263916016,69.57425689697266,75.21842193603516,64.4619140625,79.24478149414062,65.07749938964844,64.9637680053711,72.39096069335938,63.75899124145508,76.19442749023438,74.22975158691406,65.91778564453125
604,71.03944396972656,72.56884002685547,74.80300903320312,72.5794448852539,69.86247253417969,75.56049346923828,64.74983215332031,79.35074615478516,65.67442321777344,65.2163314819336,72.7304916381836,63.6440658569336,76.26053619384766,74.69913482666016,66.10852813720703
605,70.8855209350586,72.48506927490234,74.72513580322266,72.44265747070312,69.76033020019531,75.41624450683594,65.15657806396484,79.2619400024414,65.68698120117188,65.11365509033203,72.59669494628906,63.7135124206543,76.19283294677734,74.59583282470703,66.02229309082031
606,70.66324615478516,72.37100982666016,74.6346435546875,72.33692932128906,69.66659545898438,75.23236846923828,64.59065246582031,79.26742553710938,65.17495727539062,64.9930419921875,72.394287109375,63.38520431518555,76.14420318603516,74.56807708740234,66.02590942382812
607,71.00719451904297,72.51993560791016,74.76988983154297,72.63494873046875,69.86148834228516,75.50507354736328,65.43684387207031,79.40365600585938,65.70024871826172,65.241455078125,72.70777893066406,63.70951843261719,76.22259521484375,74.78423309326172,66.08234405517578
608,70.6828384399414,72.3255386352539,74.55290985107422,72.3325424194336,69.6205062866211,75.24431610107422,64.57713317871094,79.22138214111328,65.2625732421875,65.00245666503906,72.40042877197266,63.42137145996094,76.09940338134766,74.49079895019531,65.94617462158203
609,70.82832336425781,72.43214416503906,74.70856475830078,72.41162109375,69.71417999267578,75.34239959716797,64.83763122558594,79.30181121826172,65.5097885131836,65.11869049072266,72.50791931152344,63.5080680847168,76.19688415527344,74.64347076416016,66.09120178222656
610,70.94176483154297,72.52962493896484,74.741455078125,72.62821960449219,69.84564208984375,75.48091888427734,65.48170471191406,79.40850067138672,65.71737670898438,65.1719741821289,72.6619873046875,63.55523300170898,76.23242950439453,74.77874755859375,66.10359954833984
611,70.78009033203125,72.41464233398438,74.6467056274414,72.4725112915039,69.72671508789062,75.2825698852539,64.88331604003906,79.33759307861328,65.52025604248047,65.1314468383789,72.49040222167969,63.41913604736328,76.1499252319336,74.6307373046875,66.06116485595703
612,70.754150390625,72.3262710571289,74.56031036376953,72.25440216064453,69.61957550048828,75.23137664794922,64.51922607421875,79.14520263671875,65.3285140991211,65.05155181884766,72.40646362304688,63.53386688232422,76.05533599853516,74.46855163574219,65.94303131103516
613,70.864990234375,72.44255065917969,74.71113586425781,72.42095947265625,69.72064971923828,75.35521697998047,64.22389221191406,79.40512084960938,65.2984848022461,65.13883972167969,72.56658172607422,63.80732345581055,76.25778198242188,74.5586929321289,65.97198486328125
614,70.68537139892578,72.32203674316406,74.57577514648438,72.41712951660156,69.66375732421875,75.27238464355469,65.1589126586914,79.12324523925781,65.51371765136719,65.04865264892578,72.4522933959961,63.54344940185547,75.99776458740234,74.40536499023438,65.81993865966797
615,71.01178741455078,72.52204132080078,74.7703857421875,72.61759185791016,69.83832550048828,75.51306915283203,65.31879425048828,79.40376281738281,65.63085174560547,65.21530151367188,72.6871109008789,63.60581588745117,76.20126342773438,74.71363830566406,66.26213073730469
616,70.6089096069336,72.2347412109375,74.54872131347656,72.30479431152344,69.58016204833984,75.13553619384766,64.47569274902344,79.13705444335938,65.27776336669922,64.93999481201172,72.30377960205078,63.47731399536133,76.03913879394531,74.2623291015625,65.86861419677734
617,70.91722869873047,72.47550964355469,74.71366882324219,72.59507751464844,69.83558654785156,75.45936584472656,65.1871337890625,79.28801727294922,65.72461700439453,65.19437408447266,72.63567352294922,63.61064147949219,76.18390655517578,74.73725891113281,66.17198944091797
618,71.10395812988281,72.63609313964844,74.89183044433594,72.5796127319336,69.9249267578125,75.6083755493164,64.48129272460938,79.50908660888672,65.69669342041016,65.25875854492188,72.77377319335938,63.88328170776367,76.40387725830078,74.79063415527344,66.14302062988281
619,70.78202056884766,72.40721893310547,74.63330841064453,72.4591293334961,69.72364044189453,75.29834747314453,64.80447387695312,79.29862976074219,65.48880004882812,65.02345275878906,72.50843048095703,63.52594757080078,76.15727233886719,74.60909271240234,65.87760162353516
620,70.81643676757812,72.39822387695312,74.63298034667969,72.43363952636719,69.77263641357422,75.31593322753906,65.03076171875,79.21729278564453,65.5000991821289,65.0495376586914,72.47526550292969,63.423946380615234,76.10887908935547,74.6572265625,66.08258819580078
621,70.89263153076172,72.54527282714844,74.7108383178711,72.67862701416016,69.88088989257812,75.44091796875,65.75745391845703,79.3380126953125,65.69664001464844,65.14974975585938,72.62207794189453,63.42843627929688,76.13963317871094,74.80741119384766,66.04328918457031
622,70.83930206298828,72.4441146850586,74.76420593261719,72.38751983642578,69.67999267578125,75.34847259521484,63.91228103637695,79.31484985351562,65.44340515136719,65.0978775024414,72.52521514892578,63.762454986572266,76.2673110961914,74.45941162109375,66.02973175048828
623,70.95011138916016,72.5816879272461,74.80292510986328,72.62040710449219,69.8728256225586,75.49947357177734,65.50154113769531,79.40184783935547,65.62532043457031,65.19491577148438,72.6961669921875,63.76043701171875,76.27042388916016,74.72771453857422,66.08134460449219
624,70.82363891601562,72.38233947753906,74.62519073486328,72.38578796386719,69.69937896728516,75.32451629638672,64.65869140625,79.21055603027344,65.46488189697266,65.0323486328125,72.52497100830078,63.51894378662109,76.09185791015625,74.56793975830078,66.10065460205078
625,71.00816345214844,72.5365982055664,74.7385025024414,72.61730194091797,69.91988372802734,75.4791030883789,65.3930892944336,79.34627532958984,65.76461791992188,65.18562316894531,72.68359375,63.49090194702149,76.16674041748047,74.82415008544922,66.19383239746094
626,70.7823486328125,72.30563354492188,74.6393814086914,72.43171691894531,69.69734954833984,75.20380401611328,64.76957702636719,79.35165405273438,65.55613708496094,65.099609375,72.35787963867188,63.39933776855469,76.12630462646484,74.59188842773438,65.96554565429688
627,70.78215026855469,72.34404754638672,74.63248443603516,72.45022583007812,69.69342803955078,75.25981140136719,64.64019775390625,79.30368041992188,65.35576629638672,65.12442779541016,72.43758392333984,63.68911743164063,76.13665771484375,74.53388214111328,65.98439025878906
628,70.9351806640625,72.48179626464844,74.74474334716797,72.44244384765625,69.77352142333984,75.43045043945312,64.04332733154297,79.38784790039062,65.41970825195312,65.15389251708984,72.62806701660156,63.74638748168945,76.27288818359375,74.64381408691406,65.99691772460938
629,70.80509185791016,72.32515716552734,74.57608795166016,72.43452453613281,69.6969985961914,75.2232666015625,65.27434539794922,79.11257934570312,65.70382690429688,65.06864166259766,72.42060089111328,63.38790130615234,76.02432250976562,74.61489868164062,65.99024963378906
630,71.08512878417969,72.61041259765625,74.86943054199219,72.70004272460938,69.91786193847656,75.62435913085938,65.12390899658203,79.44832611083984,65.78168487548828,65.31942749023438,72.78952026367188,63.97085571289063,76.38634490966797,74.76875305175781,66.10908508300781
631,70.95821380615234,72.52323913574219,74.73320770263672,72.4864273071289,69.76722717285156,75.46684265136719,64.88163757324219,79.33192443847656,65.51139831542969,65.14299774169922,72.62474822998047,63.41487503051758,76.21514129638672,74.73794555664062,66.11981201171875
632,70.64122009277344,72.16810607910156,74.56156921386719,72.33406066894531,69.62931060791016,75.11883544921875,64.22315979003906,79.20201110839844,65.12662506103516,64.89315795898438,72.29070281982422,63.77468490600586,76.1465835571289,74.19691467285156,65.94349670410156
633,70.64115142822266,72.19392395019531,74.48136901855469,72.29299926757812,69.56351470947266,75.07066345214844,64.71660614013672,79.2017593383789,65.35894775390625,64.99046325683594,72.23270416259766,63.30812454223633,75.97471618652344,74.42843627929688,65.84635162353516
634,70.96354675292969,72.53689575195312,74.79643249511719,72.56927490234375,69.85723876953125,75.5211410522461,65.0289535522461,79.37774658203125,65.55933380126953,65.2703857421875,72.69518280029297,63.65380096435547,76.28150177001953,74.76161193847656,66.18827056884766
635,70.92184448242188,72.48995208740234,74.74697875976562,72.5884017944336,69.90169525146484,75.34890747070312,65.35834503173828,79.40245819091797,65.66967010498047,65.23460388183594,72.54830932617188,63.43958282470703,76.18472290039062,74.74854278564453,66.08965301513672
636,70.75899505615234,72.44435119628906,74.66868591308594,72.39591217041016,69.62683868408203,75.42133331298828,65.14910888671875,79.17050170898438,65.365966796875,65.03465270996094,72.57183837890625,63.580265045166016,76.1317367553711,74.50433349609375,65.9852523803711
637,70.90956115722656,72.45429992675781,74.72028350830078,72.42402648925781,69.7009048461914,75.46821594238281,64.51513671875,79.192626953125,65.51903533935547,65.09288024902344,72.59642791748047,63.70591735839844,76.25334930419922,74.56645965576172,66.00372314453125
638,70.82499694824219,72.39704132080078,74.63103485107422,72.4104232788086,69.7029800415039,75.3792724609375,65.05065155029297,79.18501281738281,65.45388793945312,65.096923828125,72.52946472167969,63.53865051269531,76.11133575439453,74.59091186523438,65.9825439453125
639,70.760009765625,72.40780639648438,74.64970397949219,72.45262908935547,69.74730682373047,75.30339813232422,64.93217468261719,79.27912902832031,65.52339935302734,65.1423110961914,72.49456787109375,63.48577880859375,76.06723022460938,74.56864166259766,65.92637634277344
640,70.9069595336914,72.42276000976562,74.63597106933594,72.52313232421875,69.74046325683594,75.35648345947266,65.07908630371094,79.33710479736328,65.57611846923828,65.10526275634766,72.5073013305664,63.54088973999024,76.10082244873047,74.63770294189453,66.12425231933594
641,70.78440856933594,72.4762191772461,74.69035339355469,72.40814971923828,69.72607421875,75.39734649658203,64.89210510253906,79.21989440917969,65.6026611328125,65.05052947998047,72.62930297851562,63.71276092529297,76.19667053222656,74.50262451171875,65.85974884033203
642,71.13510131835938,72.58892822265625,74.84617614746094,72.75593566894531,70.00553131103516,75.55693817138672,65.25955200195312,79.60062408447266,65.80022430419922,65.29083251953125,72.72866821289062,63.5803108215332,76.32908630371094,74.94650268554688,66.31211853027344
643,71.06645965576172,72.53321838378906,74.83047485351562,72.60186004638672,69.85759735107422,75.5465316772461,64.667724609375,79.41291046142578,65.81062316894531,65.30223846435547,72.69979095458984,63.71680068969727,76.30549621582031,74.854736328125,66.26407623291016
644,70.77330017089844,72.34134674072266,74.62065887451172,72.53750610351562,69.734130859375,75.27082061767578,64.6612548828125,79.31072235107422,65.5607681274414,65.1710205078125,72.46636199951172,63.556766510009766,76.10614776611328,74.55877685546875,66.07943725585938
645,70.74198913574219,72.321044921875,74.54413604736328,72.33548736572266,69.63053894042969,75.27859497070312,64.76528930664062,79.12186431884766,65.352294921875,64.99284362792969,72.46282196044922,63.44780731201172,76.01168060302734,74.54025268554688,65.95188903808594
646,70.71044158935547,72.30563354492188,74.5822982788086,72.36634063720703,69.67240905761719,75.27603912353516,64.5486831665039,79.07643127441406,65.51818084716797,65.0373306274414,72.45426940917969,63.60870742797852,76.07563018798828,74.4168472290039,65.76081085205078
647,70.91177368164062,72.40174102783203,74.66319274902344,72.53527069091797,69.78439331054688,75.33025360107422,65.29385375976562,79.22488403320312,65.69043731689453,65.14448547363281,72.54122161865234,63.66675567626953,76.1089096069336,74.65504455566406,66.01290893554688
648,70.80079650878906,72.39788055419922,74.63040161132812,72.48377990722656,69.7633285522461,75.27528381347656,65.33050537109375,79.30257415771484,65.53401947021484,65.11235809326172,72.44564819335938,63.41297149658203,76.13382720947266,74.65857696533203,66.11907958984375
649,70.84066772460938,72.2481918334961,74.6039810180664,72.43458557128906,69.68334197998047,75.15367126464844,65.12174987792969,79.3205337524414,65.67093658447266,65.11412048339844,72.30187225341797,63.49142837524414,76.14288330078125,74.58588409423828,66.09716796875
650,71.00248718261719,72.54414367675781,74.79646301269531,72.62023162841797,69.85981750488281,75.52788543701172,64.24703216552734,79.4186019897461,65.6142578125,65.2297592163086,72.68560028076172,63.83606719970703,76.28858947753906,74.69486236572266,66.14818572998047
651,70.89551544189453,72.41132354736328,74.6014633178711,72.6025161743164,69.80907440185547,75.35096740722656,65.6156234741211,79.34229278564453,65.75360870361328,65.20319366455078,72.54084777832031,63.422157287597656,76.07160949707031,74.75151062011719,66.05293273925781
652,70.72122192382812,72.367919921875,74.56208801269531,72.42041015625,69.74783325195312,75.28346252441406,64.99378967285156,79.2628402709961,65.39143371582031,65.0208511352539,72.4938735961914,63.46881484985352,76.05908203125,74.55323028564453,65.99452209472656
653,70.90013122558594,72.49420928955078,74.75012969970703,72.48323059082031,69.76148223876953,75.43534851074219,64.6816177368164,79.32743835449219,65.66912841796875,65.21855926513672,72.61255645751953,63.722877502441406,76.2659912109375,74.66468811035156,65.98397064208984
654,70.78373718261719,72.35681915283203,74.5977783203125,72.47086334228516,69.78013610839844,75.24374389648438,65.191650390625,79.23458862304688,65.59182739257812,65.09752655029297,72.44116973876953,63.40020751953125,76.03251647949219,74.67058563232422,65.95480346679688
655,70.85960388183594,72.42059326171875,74.668212890625,72.5942611694336,69.83578491210938,75.28929138183594,65.06511688232422,79.45633697509766,65.63262176513672,65.166259765625,72.45989990234375,63.45027542114258,76.169189453125,74.73236083984375,66.09957122802734
656,70.75914764404297,72.40962982177734,74.7195053100586,72.41350555419922,69.71273040771484,75.29058837890625,64.34278106689453,79.38966369628906,65.38861846923828,65.1291732788086,72.48561096191406,63.56389617919922,76.20162200927734,74.53448486328125,66.02410125732422
657,70.92658996582031,72.4776611328125,74.6953125,72.55840301513672,69.7886962890625,75.39138793945312,65.42958068847656,79.34999084472656,65.6520004272461,65.25762939453125,72.571044921875,63.50542449951172,76.14301300048828,74.6828384399414,66.13874816894531
658,70.65397644042969,72.27749633789062,74.62178039550781,72.29537963867188,69.5720443725586,75.22196197509766,64.51069641113281,79.17376708984375,65.37352752685547,64.96763610839844,72.39361572265625,63.54524230957031,76.1246337890625,74.29153442382812,65.92758178710938
659,70.66802978515625,72.4016342163086,74.6705093383789,72.33695220947266,69.64472198486328,75.31871032714844,64.85704040527344,79.24954223632812,65.01634979248047,64.94490051269531,72.51187133789062,63.48394393920898,76.19157409667969,74.48971557617188,66.09488677978516
660,70.91976928710938,72.45365905761719,74.68608856201172,72.48076629638672,69.78094482421875,75.3391342163086,64.44774627685547,79.47430419921875,65.47911071777344,65.11734008789062,72.50723266601562,63.49467468261719,76.23885345458984,74.70018768310547,66.01670837402344
661,70.79183197021484,72.4250259399414,74.64061737060547,72.39971923828125,69.6470718383789,75.3992919921875,64.82618713378906,79.26608276367188,65.4246826171875,65.11555480957031,72.55976867675781,63.610145568847656,76.12791442871094,74.5791244506836,65.95648193359375
662,70.51960754394531,72.2306137084961,74.50098419189453,72.27711486816406,69.55690002441406,75.08084106445312,64.42675018310547,79.1435546875,65.14392852783203,64.87821960449219,72.25090789794922,63.27663040161133,76.02711486816406,74.30827331542969,65.84613800048828
663,71.02374267578125,72.47867584228516,74.71733093261719,72.61040496826172,69.83081817626953,75.4700698852539,65.03156280517578,79.36299896240234,65.60246276855469,65.23863983154297,72.6395034790039,63.61771011352539,76.17557525634766,74.80779266357422,66.14204406738281
664,70.9259262084961,72.49323272705078,74.75784301757812,72.65872192382812,69.8665771484375,75.37458038330078,65.49591064453125,79.46991729736328,65.71292877197266,65.28595733642578,72.53055572509766,63.45466995239258,76.22627258300781,74.82633209228516,66.18297576904297
665,70.88968658447266,72.45277404785156,74.7567138671875,72.43545532226562,69.72941589355469,75.38145446777344,63.887168884277344,79.32643127441406,65.32251739501953,65.16899108886719,72.57847595214844,63.88589859008789,76.31725311279297,74.53585815429688,66.02490997314453
666,71.04854583740234,72.52136993408203,74.75756072998047,72.58518981933594,69.82095336914062,75.48185729980469,64.78945922851562,79.3738784790039,65.7284927368164,65.20641326904297,72.63127899169922,63.52484893798828,76.2327651977539,74.80086517333984,66.30558013916016
667,70.84468841552734,72.49443054199219,74.74803161621094,72.49333953857422,69.753662109375,75.44680786132812,64.5750503540039,79.38005828857422,65.47747802734375,65.09901428222656,72.6569595336914,63.691650390625,76.2425308227539,74.58037567138672,66.02820587158203
668,70.92555236816406,72.4573745727539,74.66915893554688,72.55865478515625,69.79720306396484,75.34397888183594,65.64091491699219,79.333740234375,65.68921661376953,65.1713638305664,72.49423217773438,63.27369689941406,76.13031768798828,74.77345275878906,66.0137939453125
669,70.95030975341797,72.49494171142578,74.76541900634766,72.6242446899414,69.86914825439453,75.39131164550781,64.92926025390625,79.41727447509766,65.67729187011719,65.2439193725586,72.58867645263672,63.68106460571289,76.24495697021484,74.72103118896484,66.11253356933594
670,70.44954681396484,72.0872802734375,74.39510345458984,72.26759338378906,69.5621566772461,75.00740051269531,64.89969635009766,79.02217102050781,65.32659149169922,64.80973815917969,72.21638488769531,63.37126922607422,75.90608215332031,74.19234466552734,65.65975189208984
671,70.6816177368164,72.150634765625,74.50852966308594,72.33666229248047,69.60456848144531,75.07823944091797,64.46347045898438,79.21881103515625,65.23992919921875,65.00382232666016,72.24838256835938,63.66360855102539,76.0166015625,74.31643676757812,65.91630554199219
672,70.77552795410156,72.44758605957031,74.70964813232422,72.50083923339844,69.7133560180664,75.4052963256836,64.91944885253906,79.33108520507812,65.45513153076172,65.05345153808594,72.59546661376953,63.597801208496094,76.18518829345703,74.60150909423828,66.07769775390625
673,71.05390167236328,72.55777740478516,74.79735565185547,72.62149810791016,69.88255310058594,75.51309967041016,65.5145492553711,79.45677947998047,65.87358093261719,65.2537841796875,72.66580963134766,63.37224197387695,76.2339096069336,74.88294982910156,66.33013916015625
674,70.76667785644531,72.37144470214844,74.716552734375,72.3106460571289,69.6531982421875,75.3396987915039,63.61721420288086,79.25523376464844,65.12113952636719,65.04124450683594,72.53654479980469,63.911277770996094,76.25595092773438,74.28872680664062,65.95557403564453
675,70.77227783203125,72.33708190917969,74.61521911621094,72.35953521728516,69.60295867919922,75.25748443603516,64.712158203125,79.19354248046875,65.41374969482422,65.0994644165039,72.39210510253906,63.480712890625,76.10484313964844,74.51630401611328,65.99055480957031
676,70.72484588623047,72.33560943603516,74.65775299072266,72.22943115234375,69.6357650756836,75.28138732910156,64.02934265136719,79.20108795166016,65.20066833496094,65.0364761352539,72.4893569946289,63.79682159423828,76.23217010498047,74.29609680175781,65.92479705810547
677,70.7021484375,72.39576721191406,74.62008666992188,72.47933197021484,69.70463562011719,75.2685775756836,65.1224136352539,79.28173065185547,65.5406265258789,65.08043670654297,72.4651870727539,63.35762023925781,76.07281494140625,74.57132720947266,65.95915222167969
678,70.7408447265625,72.3077163696289,74.57176971435547,72.39732360839844,69.63456726074219,75.18102264404297,64.85830688476562,79.19033813476562,65.6008071899414,65.03710174560547,72.36970520019531,63.2963752746582,76.0332260131836,74.54949951171875,65.87586975097656
679,70.869140625,72.41707611083984,74.64773559570312,72.5279769897461,69.76194763183594,75.38388061523438,65.03083038330078,79.3098373413086,65.623046875,65.11250305175781,72.58301544189453,63.55661392211914,76.13167572021484,74.6598892211914,66.06359100341797
680,70.62159729003906,72.33753967285156,74.59333801269531,72.25877380371094,69.58659362792969,75.22087860107422,64.83241271972656,79.19364929199219,65.21375274658203,64.95296478271484,72.397216796875,63.4516487121582,76.09563446044922,74.38346099853516,65.99653625488281
681,70.69780731201172,72.25749969482422,74.52123260498047,72.18045043945312,69.55746459960938,75.27378845214844,64.11192321777344,78.95616912841797,65.37422943115234,64.94197845458984,72.47579193115234,63.61443710327149,76.0697021484375,74.33023071289062,65.73686981201172
682,70.83197021484375,72.37103271484375,74.64334106445312,72.43851470947266,69.73011779785156,75.28141021728516,64.88613891601562,79.36065673828125,65.49502563476562,65.12936401367188,72.45570373535156,63.515533447265625,76.11859130859375,74.62539672851562,65.98786926269531
683,70.73981475830078,72.24004364013672,74.59586334228516,72.35649871826172,69.67453002929688,75.19964599609375,64.95813751220703,79.2013931274414,65.57501983642578,65.03543090820312,72.37882995605469,63.57364273071289,76.10663604736328,74.42521667480469,65.82333374023438
684,70.80996704101562,72.51687622070312,74.78067016601562,72.5177993774414,69.81981658935547,75.430419921875,64.5809097290039,79.47571563720703,65.12814331054688,65.14221954345703,72.60035705566406,63.79050064086914,76.26903533935547,74.552001953125,66.01597595214844
685,70.74120330810547,72.41756439208984,74.66407775878906,72.41020202636719,69.67041015625,75.33929443359375,64.87100219726562,79.2951431274414,65.43682861328125,65.123779296875,72.48164367675781,63.4931640625,76.16929626464844,74.5313491821289,65.92393493652344
686,70.64659118652344,72.31065368652344,74.64232635498047,72.33793640136719,69.60366821289062,75.27587890625,64.32870483398438,79.22930145263672,65.05467987060547,65.0073013305664,72.46556854248047,63.78196716308594,76.20149230957031,74.24193572998047,65.86767578125
687,70.8309555053711,72.35335540771484,74.54100799560547,72.42924499511719,69.69068908691406,75.22884368896484,65.07037353515625,79.18164825439453,65.70096588134766,65.0734634399414,72.459716796875,63.3758659362793,75.96351623535156,74.69258117675781,65.87549591064453
688,71.01554107666016,72.59573364257812,74.88549041748047,72.6709213256836,69.93001556396484,75.61121368408203,64.65106964111328,79.57981872558594,65.64460754394531,65.29129028320312,72.75933074951172,63.825592041015625,76.38034057617188,74.80477905273438,66.30431365966797
689,70.93171691894531,72.51024627685547,74.76276397705078,72.49728393554688,69.80667114257812,75.44699096679688,64.70352172851562,79.40277862548828,65.51839447021484,65.23759460449219,72.66065216064453,63.817020416259766,76.24455261230469,74.65689086914062,65.98564910888672
690,70.85319519042969,72.4901123046875,74.73768615722656,72.46336364746094,69.75379180908203,75.465576171875,64.93868255615234,79.3426513671875,65.485595703125,65.15323638916016,72.62728881835938,63.58925247192383,76.20653533935547,74.62703704833984,66.19181060791016
691,70.69847106933594,72.3236312866211,74.6268081665039,72.42095184326172,69.67020416259766,75.2233657836914,65.01177978515625,79.29168701171875,65.4061050415039,65.09346008300781,72.39917755126953,63.48186874389648,76.14662170410156,74.46218872070312,66.01392364501953
692,70.5748062133789,72.28644561767578,74.62590789794922,72.19569396972656,69.60608673095703,75.19512176513672,64.21118927001953,79.23524475097656,65.05370330810547,64.94518280029297,72.39324951171875,63.70831298828125,76.15400695800781,74.20647430419922,65.87128448486328
693,70.95552825927734,72.52611541748047,74.7840347290039,72.62705993652344,69.86111450195312,75.50897979736328,65.74758911132812,79.39141845703125,65.65132141113281,65.21321105957031,72.67784118652344,63.670654296875,76.21273803710938,74.78063201904297,66.25182342529297
694,71.0543441772461,72.61099243164062,74.86605072021484,72.6695327758789,69.92261505126953,75.5042724609375,65.22594451904297,79.55216217041016,65.82124328613281,65.29045867919922,72.67382049560547,63.49650192260742,76.3081283569336,74.9300765991211,66.2433090209961
695,71.02190399169922,72.56051635742188,74.85139465332031,72.59564208984375,69.83430480957031,75.52112579345703,64.25039672851562,79.46751403808594,65.59864807128906,65.30014038085938,72.69852447509766,63.81147766113281,76.37211608886719,74.70448303222656,66.27197265625
696,70.88905334472656,72.42405700683594,74.69219970703125,72.5564956665039,69.81769561767578,75.42826843261719,65.53892517089844,79.28512573242188,65.6769790649414,65.16069793701172,72.6145248413086,63.56834030151367,76.10298919677734,74.68598175048828,65.9473876953125
697,70.65288543701172,72.2282485961914,74.56278228759766,72.28656005859375,69.61665344238281,75.13224029541016,64.70481872558594,79.12754821777344,65.43446350097656,64.96681213378906,72.33609008789062,63.42686462402344,76.03844451904297,74.34290313720703,65.87745666503906
698,70.90489959716797,72.48407745361328,74.7027359008789,72.64714813232422,69.81377410888672,75.37757110595703,65.46806335449219,79.41258239746094,65.72199249267578,65.20269775390625,72.54993438720703,63.49700546264648,76.17024230957031,74.72222137451172,66.12977600097656
699,70.66387939453125,72.17887115478516,74.52745056152344,72.36102294921875,69.60427856445312,75.0666275024414,64.91366577148438,79.20138549804688,65.28398895263672,64.98420715332031,72.19134521484375,63.2586784362793,76.02417755126953,74.53952026367188,65.97180938720703
700,70.87105560302734,72.51499938964844,74.78839111328125,72.45773315429688,69.78998565673828,75.51543426513672,64.17251586914062,79.35070037841797,65.35369873046875,65.11101531982422,72.6851577758789,63.637786865234375,76.3405990600586,74.62418365478516,65.95633697509766
701,70.80438995361328,72.4402084350586,74.71923828125,72.2066421508789,69.60900115966797,75.36404418945312,63.91965866088867,79.21391296386719,65.18592071533203,65.0645523071289,72.551513671875,63.75502014160156,76.26561737060547,74.33602142333984,65.95162963867188
702,70.82476806640625,72.48242950439453,74.71160888671875,72.6720199584961,69.85686492919922,75.3425064086914,65.51045989990234,79.4188232421875,65.69419860839844,65.1697769165039,72.54691314697266,63.481101989746094,76.11822509765625,74.6966552734375,66.15485382080078
703,71.03218078613281,72.5489730834961,74.78730010986328,72.55306243896484,69.81389617919922,75.51937103271484,65.04374694824219,79.37095642089844,65.60017395019531,65.17891693115234,72.70272827148438,63.60639572143555,76.25491333007812,74.76280975341797,66.26634979248047
704,70.73455810546875,72.44991302490234,74.75845336914062,72.43063354492188,69.72114562988281,75.39793395996094,64.64433288574219,79.28257751464844,65.32511901855469,65.06324005126953,72.58857727050781,63.76173400878906,76.24185943603516,74.38043975830078,65.9837417602539
705,70.77816009521484,72.39350891113281,74.71239471435547,72.41416931152344,69.67839813232422,75.3082275390625,64.37753295898438,79.3159408569336,65.28829193115234,65.0850601196289,72.50436401367188,63.80112838745117,76.24945831298828,74.46204376220703,66.12610626220703
706,70.97071838378906,72.46341705322266,74.67410278320312,72.65174865722656,69.84873962402344,75.36820220947266,65.36310577392578,79.40794372558594,65.7660903930664,65.1832046508789,72.53254699707031,63.29423141479492,76.20033264160156,74.80635833740234,66.12504577636719
707,70.79045867919922,72.2770767211914,74.57987976074219,72.37787628173828,69.6864242553711,75.19581604003906,64.7899169921875,79.19551849365234,65.5459976196289,65.09973907470703,72.39830780029297,63.66563415527344,76.11317443847656,74.51084899902344,65.95082092285156
708,70.90486907958984,72.47606658935547,74.72491455078125,72.60151672363281,69.85939025878906,75.39008331298828,65.2503433227539,79.46842193603516,65.64142608642578,65.1998519897461,72.5675048828125,63.43260192871094,76.16122436523438,74.68126678466797,66.05433654785156
709,70.67778015136719,72.273681640625,74.5635757446289,72.3051528930664,69.64110565185547,75.15753173828125,64.98173522949219,79.25367736816406,65.43651580810547,65.04964447021484,72.3421630859375,63.30092239379883,76.06026458740234,74.4991226196289,65.92444610595703
710,70.62689208984375,72.32839965820312,74.62576293945312,72.53307342529297,69.81123352050781,75.26750183105469,65.12803649902344,79.24425506591797,65.64171600341797,65.00332641601562,72.51056671142578,63.65373611450195,76.10868835449219,74.35167694091797,65.68417358398438
711,70.7160415649414,72.34526824951172,74.68875885009766,72.16118621826172,69.56549835205078,75.27444458007812,63.585693359375,79.26667785644531,65.04733276367188,65.05406188964844,72.45111083984375,63.66769027709961,76.25506591796875,74.32640075683594,65.94225311279297
712,70.83307647705078,72.45252990722656,74.71293640136719,72.37446594238281,69.70256805419922,75.3907470703125,64.45972442626953,79.24848937988281,65.4864501953125,65.12940216064453,72.58707427978516,63.74178314208984,76.24008178710938,74.56861877441406,66.00634765625
713,70.73112487792969,72.4472885131836,74.69121551513672,72.42399597167969,69.69315338134766,75.32898712158203,64.51750183105469,79.35545349121094,65.21331024169922,65.04373931884766,72.49774169921875,63.536319732666016,76.22259521484375,74.55338287353516,66.07763671875
714,70.90020751953125,72.4448013305664,74.69355773925781,72.43602752685547,69.74158477783203,75.42007446289062,65.1956787109375,79.3168716430664,65.54733276367188,65.1764144897461,72.63262939453125,63.53633117675781,76.11333465576172,74.66761779785156,66.031005859375
715,71.01899719238281,72.51444244384766,74.71858978271484,72.63797760009766,69.85716247558594,75.44035339355469,64.96552276611328,79.46331787109375,65.64936828613281,65.1747817993164,72.5988998413086,63.51871490478516,76.24085235595703,74.75983428955078,66.1757583618164
716,70.91847229003906,72.52839660644531,74.73434448242188,72.63136291503906,69.85824584960938,75.49421691894531,65.20536804199219,79.3847885131836,65.60502624511719,65.17433166503906,72.6750717163086,63.527381896972656,76.17005157470703,74.70936584472656,66.25959014892578
717,71.04966735839844,72.53665161132812,74.74797821044922,72.63562774658203,69.90464782714844,75.52616882324219,65.51197052001953,79.34500885009766,65.74432373046875,65.21905517578125,72.69396209716797,63.67148208618164,76.19951629638672,74.82125091552734,66.09646606445312
718,70.87364959716797,72.50651550292969,74.73872375488281,72.51296997070312,69.8096923828125,75.40597534179688,64.6285400390625,79.39374542236328,65.53011322021484,65.18746185302734,72.5985336303711,63.6368522644043,76.23696899414062,74.6812973022461,66.08464050292969
719,70.75807189941406,72.30352783203125,74.61534118652344,72.36438751220703,69.6324234008789,75.20414733886719,64.45227813720703,79.33430480957031,65.33988952636719,65.1307373046875,72.37970733642578,63.641727447509766,76.16426086425781,74.55159759521484,65.94622802734375
720,71.09036254882812,72.50704193115234,74.7213134765625,72.6679916381836,69.87979125976562,75.4448471069336,65.58847045898438,79.38025665283203,65.97777557373047,65.21875,72.6448974609375,63.52634811401367,76.16685485839844,74.92965698242188,66.1370620727539
721,70.85484313964844,72.47274017333984,74.7289047241211,72.40489196777344,69.70118713378906,75.41261291503906,64.41253662109375,79.39009094238281,65.42879486083984,65.1304702758789,72.60415649414062,63.65314483642578,76.20526885986328,74.56795501708984,66.08364868164062
722,70.77640533447266,72.38806915283203,74.6100082397461,72.33248138427734,69.66043090820312,75.37589263916016,64.60574340820312,79.23820495605469,65.47804260253906,65.09756469726562,72.51631164550781,63.47364807128906,76.06584167480469,74.52886199951172,65.96810913085938
723,71.06440734863281,72.60716247558594,74.89496612548828,72.5331802368164,69.85221862792969,75.60569763183594,64.42103576660156,79.4893798828125,65.57467651367188,65.27333068847656,72.76555633544922,63.90154266357422,76.40917205810547,74.75977325439453,66.07156372070312
724,70.76290130615234,72.38225555419922,74.67037200927734,72.450927734375,69.7337646484375,75.27552795410156,64.71873474121094,79.3329849243164,65.41510009765625,64.9945297241211,72.44451141357422,63.45132064819336,76.21720123291016,74.58531951904297,66.0381088256836
725,70.79718780517578,72.40888214111328,74.60594177246094,72.38306427001953,69.69271850585938,75.29959869384766,64.95664978027344,79.26569366455078,65.50428009033203,65.06871032714844,72.50003051757812,63.358055114746094,76.1248779296875,74.57603454589844,65.82404327392578
726,70.77804565429688,72.3189926147461,74.63855743408203,72.4602279663086,69.75054931640625,75.21345520019531,64.87548065185547,79.2985610961914,65.39165496826172,65.08833312988281,72.42134857177734,63.76393508911133,76.1603012084961,74.45082092285156,65.97398376464844
727,70.85488891601562,72.34121704101562,74.54830169677734,72.5552978515625,69.7881088256836,75.31613159179688,65.43819427490234,79.23680114746094,65.73216247558594,65.14874267578125,72.47087097167969,63.13214111328125,76.01405334472656,74.72882843017578,66.11572265625
728,70.68695068359375,72.20018768310547,74.53974151611328,72.15678405761719,69.47832489013672,75.12439727783203,64.4111328125,79.07920837402344,65.2109603881836,65.03116607666016,72.27777099609375,63.64991760253906,76.0909423828125,74.28315734863281,65.85291290283203
729,70.59600067138672,72.1474838256836,74.49093627929688,72.380126953125,69.6143798828125,75.0478744506836,65.00629425048828,79.15559387207031,65.28858947753906,64.92097473144531,72.20199584960938,63.40918731689453,76.033203125,74.3696060180664,65.9089126586914
730,70.9865951538086,72.5342788696289,74.75389862060547,72.48651123046875,69.8104248046875,75.44755554199219,64.5934066772461,79.37171173095703,65.4656753540039,65.20863342285156,72.64079284667969,63.62310409545898,76.28140258789062,74.68199920654297,66.11039733886719
731,70.61500549316406,72.171142578125,74.52696990966797,72.30730438232422,69.6313705444336,75.08087158203125,64.78739929199219,79.18990325927734,65.45108795166016,64.9395751953125,72.24031829833984,63.51305389404297,76.10401916503906,74.33285522460938,65.82892608642578
732,70.79147338867188,72.37165832519531,74.66087341308594,72.48130798339844,69.76165008544922,75.28264617919922,64.74845123291016,79.32135009765625,65.57681274414062,65.12638092041016,72.46161651611328,63.47036743164063,76.13578796386719,74.60214233398438,66.01123809814453
733,70.51561737060547,72.28958892822266,74.53199768066406,72.19110107421875,69.50322723388672,75.1991195678711,64.32633972167969,79.1590576171875,65.15230560302734,64.82890319824219,72.38023376464844,63.41929626464844,76.06414794921875,74.18525695800781,65.89498138427734
734,70.53522491455078,72.1065444946289,74.49514770507812,72.2302474975586,69.5457534790039,75.02904510498047,64.21665954589844,79.18340301513672,65.12545776367188,64.89494323730469,72.16506958007812,63.565189361572266,76.12591552734375,74.10803985595703,65.87068176269531
735,71.05040740966797,72.57832336425781,74.79020690917969,72.71519470214844,69.9472427368164,75.51648712158203,65.35030364990234,79.42154693603516,65.8565673828125,65.24417877197266,72.702880859375,63.59346008300781,76.25923156738281,74.87825012207031,66.12248992919922
736,70.96871948242188,72.49060821533203,74.77922058105469,72.43002319335938,69.81208801269531,75.5162353515625,64.41304016113281,79.35356903076172,65.5425796508789,65.22211456298828,72.67461395263672,63.842529296875,76.28125762939453,74.64693450927734,66.14530944824219
737,70.87667083740234,72.44620513916016,74.76234436035156,72.62593078613281,69.86940002441406,75.3613052368164,64.90658569335938,79.45777130126953,65.6792221069336,65.22610473632812,72.5423583984375,63.542022705078125,76.24223327636719,74.7327880859375,66.07450103759766
738,70.85581970214844,72.44674682617188,74.6655044555664,72.59983825683594,69.85016632080078,75.383056640625,65.68650817871094,79.3267822265625,65.61093139648438,65.09587860107422,72.56014251708984,63.24149703979492,76.11859130859375,74.76835632324219,66.07723999023438
739,70.46864318847656,72.2103042602539,74.52200317382812,72.12179565429688,69.47090148925781,75.1365737915039,64.58599090576172,79.07540130615234,65.03372955322266,64.77836608886719,72.28800964355469,63.54508972167969,76.00508880615234,74.09030151367188,65.82710266113281
740,70.71351623535156,72.2755126953125,74.53421783447266,72.33785247802734,69.63374328613281,75.14930725097656,64.97486114501953,79.12572479248047,65.5038833618164,64.97735595703125,72.3330307006836,63.32437515258789,76.02027130126953,74.51663208007812,65.86872100830078
741,70.7193603515625,72.39016723632812,74.61674499511719,72.3811264038086,69.66787719726562,75.29546356201172,64.73866271972656,79.1633529663086,65.38069915771484,65.06087493896484,72.47471618652344,63.65494155883789,76.06777954101562,74.50342559814453,65.91159057617188
742,70.94208526611328,72.58413696289062,74.79627990722656,72.56143951416016,69.82447052001953,75.45314025878906,65.09544372558594,79.44107055664062,65.65740966796875,65.2275619506836,72.6644058227539,63.61399459838867,76.26612854003906,74.7447280883789,66.17918395996094
743,70.51226806640625,72.17900085449219,74.46587371826172,72.15335083007812,69.44343566894531,75.09403228759766,64.61990356445312,79.05722045898438,65.1922378540039,64.8833236694336,72.2358627319336,63.37915802001953,75.93473052978516,74.29308319091797,65.85655975341797
744,70.90055084228516,72.43216705322266,74.70520782470703,72.44510650634766,69.7044448852539,75.42523956298828,64.79368591308594,79.23016357421875,65.61518096923828,65.07847595214844,72.59590911865234,63.73054122924805,76.21549224853516,74.61526489257812,66.11456298828125
745,70.80028533935547,72.39396667480469,74.65032958984375,72.31375122070312,69.69734191894531,75.252197265625,64.88652801513672,79.29122924804688,65.40524291992188,65.0822525024414,72.40945434570312,63.283878326416016,76.1709213256836,74.59563446044922,65.99402618408203
746,70.56212615966797,72.16299438476562,74.39295196533203,72.34524536132812,69.59651184082031,75.06920623779297,65.03763580322266,79.08999633789062,65.41979217529297,64.96106719970703,72.27925872802734,63.36035919189453,75.84166717529297,74.37117004394531,65.71476745605469
747,71.0174789428711,72.487060546875,74.74711608886719,72.57991027832031,69.81796264648438,75.39635467529297,64.85983276367188,79.39156341552734,65.68896484375,65.26873016357422,72.55329895019531,63.68184661865234,76.28736114501953,74.73736572265625,66.14217376708984
748,70.9373550415039,72.53945922851562,74.7301254272461,72.60637664794922,69.8853759765625,75.46672821044922,65.5089111328125,79.35641479492188,65.74899291992188,65.2110824584961,72.63233184814453,63.39043426513672,76.19391632080078,74.77323150634766,66.13279724121094
749,70.80674743652344,72.38728332519531,74.63938903808594,72.33001708984375,69.66793060302734,75.34578704833984,64.05750274658203,79.22555541992188,65.28252410888672,65.05914306640625,72.5445327758789,63.64179992675781,76.11827087402344,74.50878143310547,65.98170471191406
750,71.07062530517578,72.57266998291016,74.81101989746094,72.67861938476562,69.9466323852539,75.54069519042969,64.99153137207031,79.44800567626953,65.82799530029297,65.25920867919922,72.73566436767578,63.74769592285156,76.3148193359375,74.89553833007812,66.07305145263672
751,70.83939361572266,72.4761734008789,74.79399871826172,72.29867553710938,69.66603088378906,75.44087982177734,63.7652702331543,79.4139633178711,64.92882537841797,65.1588363647461,72.64241027832031,63.9229850769043,76.36637878417969,74.39705657958984,66.05661010742188
752,70.93885803222656,72.46797180175781,74.70697021484375,72.44707489013672,69.80928039550781,75.45209503173828,65.02460479736328,79.37078094482422,65.56593322753906,65.15939331054688,72.61817169189453,63.6102294921875,76.20708465576172,74.71780395507812,66.02012634277344
753,71.08294677734375,72.61636352539062,74.84276580810547,72.57819366455078,69.87324523925781,75.58140563964844,65.3266372680664,79.40152740478516,65.70772552490234,65.27225494384766,72.74427032470703,63.68984222412109,76.31959533691406,74.81096649169922,66.3699951171875
754,70.81111145019531,72.32847595214844,74.6682357788086,72.47786712646484,69.78289794921875,75.26700592041016,64.62074279785156,79.3033218383789,65.67739868164062,65.11367797851562,72.44613647460938,63.69119644165039,76.21942901611328,74.4700927734375,65.85982513427734
755,70.8056869506836,72.373779296875,74.66077423095703,72.4638442993164,69.71895599365234,75.2641830444336,65.10067749023438,79.33763885498047,65.61146545410156,65.13164520263672,72.41411590576172,63.50606918334961,76.15065002441406,74.61325073242188,65.94398498535156
756,70.56233215332031,72.0781478881836,74.50128936767578,72.26803588867188,69.53278350830078,75.02021789550781,64.27945709228516,79.19863891601562,64.99972534179688,64.924072265625,72.18746185302734,63.70475387573242,76.08560180664062,74.09183502197266,65.87847900390625
757,70.82969665527344,72.3917236328125,74.62670135498047,72.51045989990234,69.73799896240234,75.29427337646484,64.97264099121094,79.2695541381836,65.5459213256836,65.02509307861328,72.48942565917969,63.60663604736328,76.10880279541016,74.60216522216797,65.97004699707031
758,70.96530151367188,72.46310424804688,74.6904296875,72.55038452148438,69.81443786621094,75.3905029296875,65.16383361816406,79.34211730957031,65.63380432128906,65.20796203613281,72.56686401367188,63.406036376953125,76.17062377929688,74.74330139160156,66.02779388427734
759,70.85691833496094,72.40223693847656,74.65199279785156,72.46135711669922,69.67180633544922,75.37320709228516,64.48335266113281,79.27373504638672,65.45538330078125,65.11351776123047,72.53693389892578,63.65120315551758,76.14786529541016,74.59828186035156,66.03230285644531
760,70.85353088378906,72.41793060302734,74.66304016113281,72.42523193359375,69.70418548583984,75.39033508300781,64.50756072998047,79.26380920410156,65.35315704345703,65.06143188476562,72.55500793457031,63.64994812011719,76.18423461914062,74.61422729492188,66.08892822265625
761,70.75615692138672,72.36067199707031,74.67316436767578,72.36148834228516,69.66285705566406,75.25054931640625,64.06655883789062,79.3532943725586,65.145751953125,65.00540161132812,72.42202758789062,63.65562057495117,76.24141693115234,74.42536926269531,66.07955932617188
762,70.94266510009766,72.4362564086914,74.6741714477539,72.5895004272461,69.82694244384766,75.39512634277344,65.30706024169922,79.32049560546875,65.75045013427734,65.16542053222656,72.54328918457031,63.36553955078125,76.1256103515625,74.7764663696289,66.1147689819336
763,71.0808334350586,72.52230072021484,74.7389144897461,72.68075561523438,69.92862701416016,75.49131774902344,65.7877197265625,79.38334655761719,65.93266296386719,65.24317932128906,72.69182586669922,63.57692337036133,76.21354675292969,74.87818145751953,66.18275451660156
764,71.04496765136719,72.50389099121094,74.72252655029297,72.68103790283203,69.87309265136719,75.40299987792969,65.56489562988281,79.3913345336914,65.88697814941406,65.22566223144531,72.61997985839844,63.3856315612793,76.13922882080078,74.79762268066406,66.0446548461914
765,70.95304107666016,72.47930145263672,74.7492446899414,72.57490539550781,69.85342407226562,75.39459228515625,64.99647521972656,79.40083312988281,65.70648956298828,65.19752502441406,72.57640075683594,63.60572814941406,76.25534057617188,74.73220825195312,66.18069458007812
766,70.97266387939453,72.47320556640625,74.73707580566406,72.65323638916016,69.85052490234375,75.42466735839844,65.23274993896484,79.4214859008789,65.65291595458984,65.24321746826172,72.60065460205078,63.74000549316406,76.24303436279297,74.78443145751953,66.15470886230469
767,70.94146728515625,72.61918640136719,74.84862518310547,72.61383819580078,69.8954849243164,75.56021118164062,64.85084533691406,79.4998550415039,65.50093841552734,65.22954559326172,72.78241729736328,63.67019271850586,76.322998046875,74.7667007446289,66.17682647705078
768,70.88762664794922,72.47180938720703,74.69239807128906,72.5149917602539,69.77172088623047,75.35816955566406,64.97698211669922,79.3291015625,65.56256866455078,65.16108703613281,72.58705139160156,63.50157165527344,76.16067504882812,74.66899108886719,65.99043273925781
769,70.85042572021484,72.46224212646484,74.7103042602539,72.44099426269531,69.77022552490234,75.44454193115234,64.69690704345703,79.34082794189453,65.35958862304688,65.10856628417969,72.60130310058594,63.64775466918945,76.25929260253906,74.6167221069336,66.05680847167969
770,70.85771942138672,72.41968536376953,74.66017150878906,72.3780746459961,69.67582702636719,75.40045166015625,64.570068359375,79.2378158569336,65.41085052490234,65.1145248413086,72.56298828125,63.64997863769531,76.16571807861328,74.61726379394531,66.04825592041016
771,70.90532684326172,72.47784423828125,74.69120788574219,72.47542572021484,69.71040344238281,75.39433288574219,65.09765625,79.25882720947266,65.55126953125,65.10330963134766,72.54584503173828,63.45734405517578,76.11699676513672,74.65397644042969,66.03997039794922
772,70.85223388671875,72.41885375976562,74.68521118164062,72.38116455078125,69.72200012207031,75.37855529785156,64.41743469238281,79.28474426269531,65.38574981689453,65.13050079345703,72.59227752685547,63.66127014160156,76.17676544189453,74.55577850341797,65.94166564941406
773,70.7770767211914,72.40653991699219,74.64320373535156,72.38236236572266,69.73054504394531,75.3297119140625,65.0602798461914,79.2268295288086,65.569580078125,65.06012725830078,72.53019714355469,63.5650749206543,76.08344268798828,74.53633880615234,65.89862823486328
774,70.52590942382812,72.1707534790039,74.50691223144531,72.2586441040039,69.61429595947266,75.05191802978516,64.6197509765625,79.197265625,65.17986297607422,64.86415100097656,72.21514892578125,63.34330368041992,76.0487289428711,74.28519439697266,65.84447479248047
775,71.00149536132812,72.4730453491211,74.7851333618164,72.49303436279297,69.74495697021484,75.45848846435547,64.63481140136719,79.42849731445312,65.55663299560547,65.22933197021484,72.63684844970703,63.82558822631836,76.32215881347656,74.72517395019531,66.1400146484375
776,70.7853775024414,72.34020233154297,74.61137390136719,72.40000915527344,69.6520004272461,75.25103759765625,64.68716430664062,79.2266845703125,65.46835327148438,65.06378173828125,72.41722869873047,63.5075798034668,76.08686828613281,74.59113311767578,65.96272277832031
777,70.92143249511719,72.50032043457031,74.75379943847656,72.69334411621094,69.8936996459961,75.41065979003906,65.35597229003906,79.41072845458984,65.76226806640625,65.24946594238281,72.60222625732422,63.57216262817383,76.222412109375,74.75987243652344,66.10965728759766
778,70.95481872558594,72.45161437988281,74.7005386352539,72.53816223144531,69.82180786132812,75.4408187866211,65.2216796875,79.27633666992188,65.61858367919922,65.1892318725586,72.61809539794922,63.57887268066406,76.0983657836914,74.7176742553711,66.08740234375
779,70.82460021972656,72.37391662597656,74.68033599853516,72.44042205810547,69.6986083984375,75.3233413696289,64.4247055053711,79.30619812011719,65.38431549072266,65.10992431640625,72.4800033569336,63.89396667480469,76.2559814453125,74.43460083007812,65.99231719970703
780,70.7520980834961,72.43505096435547,74.65872955322266,72.46515655517578,69.71935272216797,75.32776641845703,64.99655151367188,79.2880859375,65.50839233398438,65.00269317626953,72.50958251953125,63.34866714477539,76.14390563964844,74.61991882324219,65.98479461669922
781,70.70893859863281,72.32183837890625,74.6190414428711,72.4472427368164,69.71031188964844,75.22727966308594,65.2310791015625,79.23481750488281,65.50762939453125,65.03888702392578,72.44608306884766,63.48406982421875,76.09724426269531,74.49256896972656,65.90617370605469
782,70.71199798583984,72.30917358398438,74.55025482177734,72.37139892578125,69.64618682861328,75.2292709350586,64.5281982421875,79.18026733398438,65.45098876953125,65.0511703491211,72.43626403808594,63.55585479736328,76.04266357421875,74.44551849365234,65.78900146484375
783,70.69409942626953,72.34344482421875,74.62432098388672,72.35725402832031,69.66876220703125,75.23966979980469,64.99113464355469,79.19590759277344,65.46918487548828,65.04832458496094,72.43231964111328,63.47677993774414,76.1452865600586,74.49720764160156,65.87814331054688
784,70.82203674316406,72.34756469726562,74.62994384765625,72.41885375976562,69.75396728515625,75.30985260009766,65.2237319946289,79.1242904663086,65.70984649658203,65.08817291259766,72.53145599365234,63.622047424316406,76.05333709716797,74.54077911376953,65.83106994628906
785,70.89434814453125,72.43385314941406,74.71588134765625,72.4250717163086,69.71234130859375,75.41655731201172,64.8778076171875,79.327392578125,65.52592468261719,65.15869903564453,72.6261978149414,63.70091247558594,76.22400665283203,74.59146118164062,66.09575653076172
786,70.79937744140625,72.29366302490234,74.57170867919922,72.5392837524414,69.72881317138672,75.18338012695312,65.30950927734375,79.27935791015625,65.55567169189453,65.07257080078125,72.35791015625,63.36440658569336,76.01105499267578,74.66743469238281,66.0697021484375
787,71.16315460205078,72.69471740722656,74.9229507446289,72.82024383544922,70.0575942993164,75.66413116455078,65.6196517944336,79.5637435913086,65.93336486816406,65.40058898925781,72.86871337890625,63.83645248413086,76.36321258544922,74.98372650146484,66.2823486328125
788,70.83119201660156,72.46814727783203,74.67124938964844,72.51700592041016,69.76581573486328,75.37187957763672,65.30960845947266,79.34551239013672,65.61119842529297,65.12820434570312,72.59626770019531,63.56550216674805,76.12617492675781,74.65203094482422,65.91908264160156
789,70.87744140625,72.40068054199219,74.66792297363281,72.49042510986328,69.78109741210938,75.28155517578125,64.80278015136719,79.39752197265625,65.5794906616211,65.18328857421875,72.4565200805664,63.42264175415039,76.1739273071289,74.66336059570312,66.0999755859375
790,70.90089416503906,72.43175506591797,74.63714599609375,72.49555206298828,69.75597381591797,75.39271545410156,65.22252655029297,79.25443267822266,65.61097717285156,65.10552215576172,72.54258728027344,63.43252944946289,76.09855651855469,74.65355682373047,66.15516662597656
791,70.97068786621094,72.5225830078125,74.71220397949219,72.63046264648438,69.8741455078125,75.4545669555664,65.62881469726562,79.40538787841797,65.8030776977539,65.19351959228516,72.64183044433594,63.39004898071289,76.15089416503906,74.7519760131836,66.17652893066406
792,70.91228485107422,72.5326919555664,74.75479888916016,72.5630111694336,69.82994079589844,75.4517593383789,65.11654663085938,79.49047088623047,65.55327606201172,65.14794921875,72.62911987304688,63.47999572753906,76.31793975830078,74.74098205566406,66.2047348022461
793,70.9106674194336,72.51372528076172,74.76655578613281,72.51485443115234,69.78602600097656,75.46865844726562,64.696533203125,79.3274917602539,65.50049591064453,65.2056655883789,72.66410827636719,63.70589828491211,76.29084777832031,74.70652770996094,66.11751556396484
794,70.62255859375,72.24170684814453,74.57221221923828,72.36075592041016,69.64297485351562,75.16938018798828,64.35387420654297,79.25786590576172,65.2010269165039,65.01387786865234,72.37493133544922,63.71553802490234,76.09497833251953,74.3305435180664,65.85671997070312
795,70.74156951904297,72.3131103515625,74.61573791503906,72.52799224853516,69.82244110107422,75.24878692626953,65.55284881591797,79.24362182617188,65.747314453125,65.11212921142578,72.42642974853516,63.457611083984375,76.08765411376953,74.58354187011719,65.93498229980469
796,70.93714141845703,72.46095275878906,74.67655181884766,72.41390228271484,69.72653198242188,75.42706298828125,64.6417236328125,79.34843444824219,65.49398803710938,65.10469818115234,72.58937072753906,63.44529342651367,76.20405578613281,74.7203598022461,66.22354888916016
797,70.88520050048828,72.42717742919922,74.66024780273438,72.4983139038086,69.71744537353516,75.39681243896484,65.40774536132812,79.28196716308594,65.53365325927734,65.1273193359375,72.55227661132812,63.34421920776367,76.13653564453125,74.68327331542969,66.19376373291016
798,71.17709350585938,72.60327911376953,74.82951354980469,72.8633041381836,70.07938385009766,75.55796813964844,66.24478149414062,79.51806640625,66.12033081054688,65.37287902832031,72.80047607421875,63.57465744018555,76.22653198242188,75.01190948486328,66.29288482666016
799,70.73318481445312,72.36019897460938,74.66590118408203,72.50416564941406,69.73726654052734,75.27835083007812,65.28221130371094,79.37701416015625,65.56593322753906,65.13863372802734,72.46771240234375,63.61643600463867,76.18222045898438,74.5455093383789,65.98765563964844
800,70.86579132080078,72.51657104492188,74.80078887939453,72.5201644897461,69.84076690673828,75.45730590820312,64.78389739990234,79.44341278076172,65.54153442382812,65.19866943359375,72.65283203125,63.77005386352539,76.35521697998047,74.58197784423828,66.05587005615234
801,70.94327545166016,72.44760131835938,74.72610473632812,72.52137756347656,69.74871063232422,75.41554260253906,64.81228637695312,79.37557983398438,65.41771697998047,65.18144226074219,72.58637237548828,63.64358139038086,76.25225067138672,74.63243103027344,66.0357666015625
802,70.89567565917969,72.546630859375,74.79270935058594,72.49967193603516,69.80912017822266,75.49589538574219,64.59846496582031,79.38582611083984,65.37873840332031,65.15899658203125,72.68476867675781,63.82034683227539,76.31014251708984,74.65599822998047,66.11294555664062
803,70.9629898071289,72.52275085449219,74.7538070678711,72.51185607910156,69.82298278808594,75.51275634765625,65.06771850585938,79.32271575927734,65.71321868896484,65.18824005126953,72.69401550292969,63.714752197265625,76.21832275390625,74.71428680419922,66.04708099365234
804,71.06295013427734,72.56604766845703,74.81520080566406,72.65554809570312,69.92057800292969,75.55302429199219,65.19965362548828,79.41168975830078,65.81006622314453,65.29843139648438,72.71481323242188,63.68209457397461,76.25394439697266,74.87308502197266,66.31753540039062
805,70.72711944580078,72.31659698486328,74.62604522705078,72.46821594238281,69.7352294921875,75.20996856689453,65.08551788330078,79.28917694091797,65.43475341796875,65.13434600830078,72.4007339477539,63.56788635253906,76.09000396728516,74.4972152709961,65.97139739990234
806,70.75469207763672,72.3767318725586,74.64437103271484,72.3667984008789,69.67304229736328,75.342529296875,64.45184326171875,79.26962280273438,65.40144348144531,65.04840087890625,72.52713012695312,63.71942901611328,76.20435333251953,74.48684692382812,65.95343780517578
807,70.74665069580078,72.36102294921875,74.64810943603516,72.47333526611328,69.74176788330078,75.29242706298828,65.22134399414062,79.20002746582031,65.65118408203125,65.09180450439453,72.47193908691406,63.60324096679688,76.10813903808594,74.5020751953125,65.94497680664062
808,70.80040740966797,72.37728118896484,74.68274688720703,72.41820526123047,69.74256134033203,75.32135772705078,64.68292999267578,79.23394012451172,65.54500579833984,65.07019805908203,72.49962615966797,63.71699523925781,76.17971801757812,74.42475128173828,66.06634521484375
809,70.70329284667969,72.38985443115234,74.62918090820312,72.28820037841797,69.59183502197266,75.32740020751953,64.55391693115234,79.10261535644531,65.26195526123047,64.97113037109375,72.51944732666016,63.718894958496094,76.14385223388672,74.35612487792969,65.88140869140625
810,71.03233337402344,72.52542877197266,74.79852294921875,72.65591430664062,69.84275817871094,75.48493957519531,65.01747131347656,79.4156265258789,65.75809478759766,65.2445068359375,72.66094207763672,63.57514953613281,76.2780532836914,74.7750244140625,66.24259948730469
811,70.97000122070312,72.52850341796875,74.80889129638672,72.4944076538086,69.80146789550781,75.49485778808594,64.57001495361328,79.39820098876953,65.43742370605469,65.15762329101562,72.67647552490234,63.815460205078125,76.3404769897461,74.6152114868164,66.15201568603516
812,70.62947082519531,72.17626190185547,74.56442260742188,72.35765838623047,69.64453887939453,75.13806915283203,64.49043273925781,79.24584197998047,65.25138092041016,65.00498962402344,72.3224868774414,63.66494369506836,76.13999938964844,74.25494384765625,65.91565704345703
813,70.75640106201172,72.36660766601562,74.61429595947266,72.37706756591797,69.68223571777344,75.34789276123047,64.64027404785156,79.13050842285156,65.48500061035156,65.03659057617188,72.5519027709961,63.757545471191406,76.14997863769531,74.3617935180664,65.72286224365234
814,70.9041748046875,72.42869567871094,74.6441879272461,72.52281188964844,69.80564880371094,75.45145416259766,65.13005065917969,79.2778549194336,65.62775421142578,65.20207977294922,72.60929107666016,63.63479995727539,76.11637878417969,74.6942138671875,65.96290588378906
815,70.8476333618164,72.41578674316406,74.65000915527344,72.48836517333984,69.71192932128906,75.36031341552734,64.97061920166016,79.31114196777344,65.4399185180664,65.11382293701172,72.52764129638672,63.57454681396485,76.16336822509766,74.60618591308594,66.087646484375
816,70.64019012451172,72.2624740600586,74.60192108154297,72.43022918701172,69.71607971191406,75.17048645019531,64.53776550292969,79.32069396972656,65.30574798583984,64.99058532714844,72.34761047363281,63.51591110229492,76.13418579101562,74.4786376953125,65.88275146484375
817,70.99181365966797,72.52525329589844,74.73859405517578,72.65677642822266,69.86235046386719,75.39800262451172,65.36045837402344,79.46174621582031,65.6639175415039,65.22774505615234,72.55783081054688,63.355735778808594,76.20559692382812,74.7945327758789,66.21269989013672
818,70.80350494384766,72.35115051269531,74.6498794555664,72.35324096679688,69.6330337524414,75.3530502319336,64.12964630126953,79.20988464355469,65.2598648071289,65.09557342529297,72.5389175415039,63.74806594848633,76.16126251220703,74.48460388183594,65.90946197509766
819,70.81183624267578,72.49015808105469,74.71559143066406,72.56275939941406,69.81477355957031,75.45510864257812,65.30838775634766,79.37488555908203,65.52657318115234,65.09601593017578,72.61011505126953,63.5668830871582,76.14224243164062,74.64325714111328,66.151123046875
820,70.98897552490234,72.57624053955078,74.82408142089844,72.50703430175781,69.87413787841797,75.54861450195312,64.85283660888672,79.37994384765625,65.61006927490234,65.21016693115234,72.71707916259766,63.78677749633789,76.30924987792969,74.68647003173828,66.1119155883789
821,71.05374908447266,72.6004409790039,74.86235809326172,72.70902252197266,69.93640899658203,75.48461151123047,64.90007019042969,79.60124206542969,65.71682739257812,65.3314437866211,72.65935516357422,63.45530319213867,76.34288787841797,74.88261413574219,66.25724792480469
822,70.75578308105469,72.41661071777344,74.65013885498047,72.46080780029297,69.70650482177734,75.30909729003906,64.50323486328125,79.35254669189453,65.37208557128906,65.06598663330078,72.4824447631836,63.50953674316406,76.14375305175781,74.56201171875,66.0157470703125
823,70.80255889892578,72.34916687011719,74.60462188720703,72.5373764038086,69.79655456542969,75.25955200195312,65.38264465332031,79.27413177490234,65.6013412475586,65.10082244873047,72.45085144042969,63.47114562988281,76.06318664550781,74.61692810058594,65.93085479736328
824,71.06301879882812,72.6282958984375,74.83606719970703,72.72796630859375,69.9436264038086,75.52693939208984,65.61634826660156,79.4718017578125,65.87522888183594,65.26478576660156,72.71525573730469,63.5735969543457,76.25332641601562,74.8782730102539,66.13421630859375
825,70.74991607666016,72.41444396972656,74.68179321289062,72.3323745727539,69.69950103759766,75.3752670288086,64.51779174804688,79.19757843017578,65.24921417236328,65.02190399169922,72.54214477539062,63.63584518432617,76.18352508544922,74.53377532958984,65.98131561279297
826,70.8860855102539,72.36520385742188,74.60334777832031,72.5770492553711,69.79499816894531,75.2618408203125,65.16983032226562,79.3215103149414,65.62789916992188,65.1210708618164,72.46676635742188,63.33433532714844,76.09387969970703,74.68861389160156,65.93138122558594
827,71.05669403076172,72.62520599365234,74.89482116699219,72.62020874023438,69.89266967773438,75.61811828613281,65.09794616699219,79.47470092773438,65.76998901367188,65.33692932128906,72.7945556640625,63.88168716430664,76.37576293945312,74.78375244140625,66.19232177734375
828,71.0343246459961,72.65906524658203,74.888916015625,72.6566390991211,69.92828369140625,75.5846176147461,64.89529418945312,79.54265594482422,65.68389129638672,65.2706069946289,72.81010437011719,63.8076057434082,76.3689956665039,74.78948211669922,66.13627624511719
829,70.84237670898438,72.40724182128906,74.68775177001953,72.42267608642578,69.75237274169922,75.2958984375,64.49554443359375,79.26469421386719,65.49537658691406,65.10692596435547,72.48715209960938,63.66666412353516,76.19596099853516,74.56861877441406,66.13389587402344
830,70.60175323486328,72.18570709228516,74.53534698486328,72.32835388183594,69.61331939697266,75.10933685302734,64.79640197753906,79.16419219970703,65.35716247558594,64.94295501708984,72.29613494873047,63.51884841918945,76.00292205810547,74.3083267211914,65.8333511352539
831,70.94619750976562,72.51164245605469,74.74786376953125,72.54347229003906,69.84980773925781,75.49787902832031,64.89287567138672,79.29934692382812,65.64976501464844,65.191650390625,72.68894958496094,63.76336669921875,76.18828582763672,74.72853088378906,65.94596862792969
832,70.75096893310547,72.36799621582031,74.67452239990234,72.26780700683594,69.6120834350586,75.29340362548828,63.93788528442383,79.33870697021484,65.09327697753906,65.09124755859375,72.4735336303711,63.79255294799805,76.23384857177734,74.33057403564453,65.94989013671875
833,70.78014373779297,72.38093566894531,74.67269897460938,72.39522552490234,69.6995849609375,75.29010009765625,64.65638732910156,79.32090759277344,65.26304626464844,65.12110900878906,72.47161865234375,63.70235443115234,76.21080780029297,74.46082305908203,65.96454620361328
834,70.63617706298828,72.26018524169922,74.55269622802734,72.38426208496094,69.6627197265625,75.15814971923828,64.90141296386719,79.2273178100586,65.49708557128906,65.01214599609375,72.34227752685547,63.44107437133789,76.06616973876953,74.4139404296875,65.8036117553711
835,70.86508178710938,72.4117431640625,74.64886474609375,72.45122528076172,69.69921875,75.29893493652344,65.13340759277344,79.28925323486328,65.5006332397461,65.0802993774414,72.45337677001953,63.52426528930664,76.12041473388672,74.57386779785156,66.04647827148438
836,70.93734741210938,72.52519226074219,74.79305267333984,72.55752563476562,69.83612060546875,75.48931121826172,65.29493713378906,79.40070343017578,65.65879821777344,65.23705291748047,72.70016479492188,63.6671028137207,76.19722747802734,74.73738861083984,66.13790893554688
837,70.38153839111328,72.07852172851562,74.442138671875,72.19873046875,69.52924346923828,75.0475082397461,64.2467269897461,79.03935241699219,64.96861267089844,64.75614929199219,72.19435119628906,63.67403030395508,76.01477813720703,73.91321563720703,65.59699249267578
838,70.8082046508789,72.35944366455078,74.62096405029297,72.57638549804688,69.76775360107422,75.24885559082031,65.21818542480469,79.3052749633789,65.57061767578125,65.13682556152344,72.4234619140625,63.501407623291016,76.12490844726562,74.68079376220703,66.019287109375
839,70.80701446533203,72.42041015625,74.63953399658203,72.42747497558594,69.72755432128906,75.35233306884766,64.67057800292969,79.24617767333984,65.55896759033203,65.12435913085938,72.54961395263672,63.645538330078125,76.10346984863281,74.53911590576172,65.93479919433594
840,71.07539367675781,72.55879211425781,74.84886169433594,72.53953552246094,69.84261322021484,75.56436157226562,65.13109588623047,79.35863494873047,65.76741027832031,65.23094177246094,72.71822357177734,63.84294891357422,76.38805389404297,74.77843475341797,66.231201171875
841,71.2013168334961,72.67792510986328,74.89561462402344,72.82923889160156,70.06483459472656,75.64803314208984,65.67268371582031,79.59197998046875,66.04866790771484,65.35102081298828,72.81161499023438,63.614295959472656,76.37169647216797,75.06824493408203,66.31327056884766
842,70.67884826660156,72.26762390136719,74.64269256591797,72.3369369506836,69.6287612915039,75.1817626953125,64.79722595214844,79.17559051513672,65.3641586303711,64.9687271118164,72.32353973388672,63.59486770629883,76.1730728149414,74.31956481933594,65.98455047607422
843,70.97509765625,72.51303100585938,74.76284790039062,72.62793731689453,69.85858917236328,75.45155334472656,65.37910461425781,79.39989471435547,65.69327545166016,65.21273040771484,72.62996673583984,63.52350616455078,76.2555923461914,74.85079193115234,66.1332015991211
844,70.93486022949219,72.44658660888672,74.68265533447266,72.49713134765625,69.7830810546875,75.42854309082031,64.896484375,79.26470947265625,65.71771240234375,65.14534759521484,72.57428741455078,63.55584716796875,76.19526672363281,74.71212005615234,66.19693756103516
845,71.01641845703125,72.5361328125,74.82785034179688,72.6255874633789,69.82418823242188,75.47319030761719,64.96711730957031,79.44721984863281,65.71794891357422,65.2490005493164,72.65531158447266,63.65460968017578,76.31617736816406,74.78067779541016,66.07202911376953
846,70.45110321044922,72.02883911132812,74.4225845336914,72.25375366210938,69.49249267578125,75.00482177734375,64.45347595214844,79.0491943359375,65.06620025634766,64.83079528808594,72.15626525878906,63.63603210449219,76.03929138183594,73.96719360351562,65.76514434814453
847,70.6754379272461,72.30683898925781,74.57903289794922,72.39759826660156,69.73943328857422,75.20113372802734,65.12644958496094,79.2433853149414,65.53043365478516,65.0417251586914,72.38811492919922,63.42884826660156,76.0658950805664,74.4877700805664,65.9070816040039
848,71.01322174072266,72.54881286621094,74.81208801269531,72.61913299560547,69.901611328125,75.54795837402344,64.86100006103516,79.47776794433594,65.59793853759766,65.18892669677734,72.70883178710938,63.72509002685547,76.30879974365234,74.8077163696289,66.24311828613281
849,70.89666748046875,72.51728057861328,74.76197052001953,72.5038070678711,69.79698944091797,75.45361328125,64.91445922851562,79.31204223632812,65.6044921875,65.1195297241211,72.62052917480469,63.73411178588867,76.26113891601562,74.60359954833984,66.00641632080078
850,70.80901336669922,72.41034698486328,74.65072631835938,72.50023651123047,69.74076080322266,75.38965606689453,64.80049896240234,79.25656127929688,65.42218017578125,65.07811737060547,72.55147552490234,63.52304458618164,76.13643646240234,74.64692687988281,65.9969711303711
851,71.01399993896484,72.57861328125,74.80875396728516,72.6592788696289,69.91606140136719,75.56261444091797,65.14362335205078,79.47789001464844,65.66366577148438,65.23838806152344,72.74808502197266,63.828590393066406,76.27227020263672,74.72184753417969,66.31451416015625
852,70.5741195678711,72.22608184814453,74.44668579101562,72.39341735839844,69.6786880493164,75.12815856933594,65.18060302734375,79.15986633300781,65.4605712890625,65.01396942138672,72.34268951416016,63.40024185180664,75.86686706542969,74.44193267822266,65.70079040527344
853,70.93034362792969,72.43338012695312,74.71678924560547,72.51871490478516,69.82234954833984,75.42998504638672,65.10183715820312,79.32575225830078,65.65754699707031,65.2044906616211,72.63055419921875,63.61640930175781,76.23322296142578,74.74629974365234,66.10807800292969
854,70.95886993408203,72.52412414550781,74.74436950683594,72.6721420288086,69.89241790771484,75.45648193359375,65.51818084716797,79.33777618408203,65.83043670654297,65.2338638305664,72.66700744628906,63.48043823242188,76.13241577148438,74.81583404541016,66.10597229003906
855,70.87139129638672,72.40837097167969,74.6428451538086,72.44872283935547,69.73133850097656,75.33955383300781,65.01787567138672,79.22920227050781,65.48860931396484,65.08716583251953,72.52485656738281,63.49766540527344,76.13877868652344,74.67144775390625,66.02239227294922
856,70.73429870605469,72.35088348388672,74.6474609375,72.37317657470703,69.6423568725586,75.33541870117188,64.54132080078125,79.20398712158203,65.4521713256836,65.0222396850586,72.54069519042969,63.67686080932617,76.1431655883789,74.43168640136719,66.00814056396484
857,71.04865264892578,72.5268325805664,74.73828887939453,72.68208312988281,69.92069244384766,75.5168228149414,65.43511962890625,79.35365295410156,65.81289672851562,65.27175903320312,72.67141723632812,63.61158752441406,76.1996078491211,74.93700408935547,66.21417236328125
858,70.80076599121094,72.30033874511719,74.560546875,72.49614715576172,69.69096374511719,75.20917510986328,65.10541534423828,79.21549224853516,65.57039642333984,65.07960510253906,72.35808563232422,63.38313293457031,76.02284240722656,74.58382415771484,65.92677307128906
859,70.79076385498047,72.32015991210938,74.67247009277344,72.30545043945312,69.62893676757812,75.25433349609375,64.23220825195312,79.30902099609375,65.2087173461914,65.11136627197266,72.44818115234375,63.76374053955078,76.16838836669922,74.48489379882812,65.97014617919922
860,70.79983520507812,72.39450073242188,74.67902374267578,72.47222900390625,69.7003402709961,75.27059173583984,64.98218536376953,79.27688598632812,65.43050384521484,65.10995483398438,72.4317626953125,63.433963775634766,76.13882446289062,74.63329315185547,66.08650970458984
861,70.90589141845703,72.52128601074219,74.77713012695312,72.56752014160156,69.83428955078125,75.51608276367188,65.01702117919922,79.36970520019531,65.48505401611328,65.16815948486328,72.6769790649414,63.54932022094727,76.2126693725586,74.69416046142578,66.19188690185547
862,70.9618148803711,72.52657318115234,74.72203063964844,72.54631805419922,69.84496307373047,75.4248275756836,64.81171417236328,79.39924621582031,65.6087417602539,65.18389129638672,72.58087158203125,63.61354064941406,76.26559448242188,74.73479461669922,66.06500244140625
863,70.69086456298828,72.29490661621094,74.5937271118164,72.39613342285156,69.65868377685547,75.1730728149414,64.5125961303711,79.31790161132812,65.41004943847656,65.04182434082031,72.30469512939453,63.31615447998047,76.06996154785156,74.49256134033203,65.98253631591797
864,70.63416290283203,72.24588012695312,74.5159683227539,72.25799560546875,69.59882354736328,75.16218566894531,64.34735107421875,79.10657501220703,65.29305267333984,64.96284484863281,72.31513977050781,63.44563674926758,75.97949981689453,74.40828704833984,65.79666900634766
865,70.836669921875,72.40792083740234,74.63885498046875,72.48258209228516,69.76966857910156,75.29512023925781,65.30583190917969,79.28132629394531,65.63847351074219,65.11143493652344,72.47364807128906,63.34481048583984,76.10684967041016,74.69593048095703,66.0522689819336
866,70.77368927001953,72.40201568603516,74.64241790771484,72.41022491455078,69.68704223632812,75.37989807128906,64.66001892089844,79.25690460205078,65.33309173583984,65.07192993164062,72.55168914794922,63.59080505371094,76.1349105834961,74.52974700927734,65.8888168334961
867,70.51622772216797,72.07148742675781,74.44483947753906,72.228271484375,69.53752899169922,75.0194091796875,64.48294067382812,79.21837615966797,65.10987091064453,64.901611328125,72.19110870361328,63.62847900390625,76.10567474365234,74.08119201660156,65.89318084716797
868,70.94351959228516,72.46309661865234,74.79246520996094,72.58657836914062,69.81298828125,75.36906433105469,64.63812255859375,79.53776550292969,65.48905944824219,65.24807739257812,72.5315170288086,63.703346252441406,76.30370330810547,74.70797729492188,66.13975524902344
869,70.8929214477539,72.42564392089844,74.69144439697266,72.43291473388672,69.743896484375,75.38444519042969,64.32801818847656,79.39773559570312,65.39678192138672,65.15997314453125,72.57892608642578,63.61581802368164,76.20335388183594,74.64130401611328,66.07963562011719
870,70.84253692626953,72.4312515258789,74.72201538085938,72.39444732666016,69.70100402832031,75.38145446777344,64.34426879882812,79.28816223144531,65.36873626708984,65.12216186523438,72.566162109375,63.79764175415039,76.2626724243164,74.52909088134766,65.99827575683594
871,70.59685516357422,72.2032470703125,74.52050018310547,72.4429702758789,69.77328491210938,75.133544921875,64.82131958007812,79.24295043945312,65.50475311279297,64.92162322998047,72.36011505126953,63.63936233520508,76.07811737060547,74.23680877685547,65.7206039428711
872,70.79605102539062,72.35057830810547,74.68994903564453,72.47013092041016,69.72383117675781,75.26719665527344,64.43045043945312,79.36631774902344,65.50511169433594,65.08305358886719,72.41954803466797,63.53057861328125,76.22090148925781,74.57097625732422,66.06525421142578
873,70.75776672363281,72.31065368652344,74.59513092041016,72.4900894165039,69.78227233886719,75.23906707763672,65.35823822021484,79.1832046508789,65.69938659667969,65.07230377197266,72.42322540283203,63.5144157409668,76.0361328125,74.54730987548828,65.8904800415039
874,70.87236022949219,72.46063232421875,74.68428802490234,72.57275390625,69.79644775390625,75.35624694824219,65.55809783935547,79.41893005371094,65.6688232421875,65.20928955078125,72.50996398925781,63.45713806152344,76.14323425292969,74.73046875,66.04475402832031
875,70.65713500976562,72.35256958007812,74.52571868896484,72.30386352539062,69.6681137084961,75.25048065185547,64.9290771484375,79.1750259399414,65.4309310913086,64.97093200683594,72.42953491210938,63.28876876831055,75.9844970703125,74.51832580566406,65.82414245605469
876,70.92660522460938,72.4360580444336,74.7526626586914,72.62934875488281,69.84095764160156,75.36617279052734,65.22058868408203,79.42542266845703,65.78662872314453,65.25534057617188,72.55921936035156,63.66802215576172,76.21339416503906,74.73200225830078,66.02161407470703
877,70.68965911865234,72.3014144897461,74.55802154541016,72.33032989501953,69.67871856689453,75.169921875,64.48530578613281,79.2767105102539,65.44213104248047,65.00994873046875,72.38273620605469,63.53829193115234,76.09500885009766,74.42253112792969,65.95812225341797
878,71.04999542236328,72.51850128173828,74.75707244873047,72.60675048828125,69.88741302490234,75.44766235351562,65.54340362548828,79.41972351074219,65.8145523071289,65.23646545410156,72.5963363647461,63.27123641967773,76.20109558105469,74.88285827636719,66.23848724365234
879,70.96138763427734,72.51243591308594,74.76420593261719,72.58668518066406,69.81018829345703,75.4213638305664,65.03714752197266,79.44085693359375,65.630615234375,65.2348403930664,72.56472778320312,63.42306137084961,76.25951385498047,74.76542663574219,66.11681365966797
880,70.8050765991211,72.46992492675781,74.71930694580078,72.41030883789062,69.73077392578125,75.45051574707031,64.64645385742188,79.3489761352539,65.460205078125,65.11078643798828,72.63946533203125,63.64238357543945,76.17913818359375,74.56509399414062,65.89402770996094
881,71.08832550048828,72.5284423828125,74.82926177978516,72.60203552246094,69.87923431396484,75.52067565917969,64.50483703613281,79.43270874023438,65.66476440429688,65.25944519042969,72.70641326904297,63.7844123840332,76.35527038574219,74.80424499511719,66.18849182128906
882,70.95433044433594,72.5810546875,74.76419067382812,72.59918212890625,69.86939239501953,75.54447937011719,65.34244537353516,79.3360366821289,65.68939971923828,65.20155334472656,72.72767639160156,63.6312370300293,76.23530578613281,74.76573944091797,66.11629486083984
883,70.84839630126953,72.51856231689453,74.8050765991211,72.58120727539062,69.85570526123047,75.46306610107422,64.99755096435547,79.39485168457031,65.60027313232422,65.18856811523438,72.62593078613281,63.76236724853516,76.29852294921875,74.59945678710938,66.04315185546875
884,70.86215209960938,72.41187286376953,74.64405059814453,72.46004486083984,69.74787139892578,75.35005950927734,64.7134780883789,79.2557601928711,65.46395874023438,65.11909484863281,72.52566528320312,63.47901916503906,76.13772583007812,74.65779113769531,65.95774841308594
885,70.88815307617188,72.43310546875,74.6778564453125,72.53467559814453,69.80868530273438,75.32103729248047,65.27613830566406,79.41930389404297,65.68193054199219,65.13888549804688,72.46198272705078,63.35314178466797,76.18681335449219,74.7651596069336,66.15681457519531
886,70.86097717285156,72.4148941040039,74.68970489501953,72.54720306396484,69.73377990722656,75.35521697998047,65.3669662475586,79.2406997680664,65.69375610351562,65.17111206054688,72.56172943115234,63.67169189453125,76.14237213134766,74.61189270019531,65.93927764892578
887,70.88444519042969,72.43009185791016,74.6756820678711,72.3736343383789,69.70594787597656,75.34627532958984,64.50515747070312,79.2730941772461,65.45523071289062,65.12518310546875,72.54609680175781,63.64673614501953,76.23509979248047,74.58856201171875,66.02204132080078
888,70.6040267944336,72.16743469238281,74.5206069946289,72.08568572998047,69.4525375366211,75.1260986328125,63.779178619384766,79.03089904785156,65.00824737548828,64.92723083496094,72.31875610351562,63.58032989501953,76.03446960449219,74.07528686523438,65.72694396972656
889,71.00782012939453,72.58525848388672,74.80219268798828,72.64051055908203,69.89221954345703,75.54683685302734,65.52994537353516,79.41059875488281,65.7127914428711,65.20687103271484,72.71565246582031,63.65017318725586,76.2536392211914,74.8471450805664,66.23860168457031
890,70.80049133300781,72.44811248779297,74.62760925292969,72.59495544433594,69.85037994384766,75.3416519165039,65.37267303466797,79.32618713378906,65.64205169677734,65.13555145263672,72.57542419433594,63.39651870727539,76.01541900634766,74.7064437866211,65.91165924072266
891,70.67730712890625,72.36749267578125,74.67508697509766,72.22254943847656,69.55078125,75.30677795410156,64.03937530517578,79.1943588256836,65.15179443359375,65.05715942382812,72.53106689453125,63.75778198242188,76.210205078125,74.2614517211914,65.84200286865234
892,70.84703063964844,72.45226287841797,74.74495697021484,72.64037322998047,69.80941009521484,75.36014556884766,65.3752670288086,79.37071228027344,65.64619445800781,65.20616912841797,72.56641387939453,63.593406677246094,76.19953155517578,74.68221282958984,66.04084014892578
893,70.66499328613281,72.37271118164062,74.57515716552734,72.48870086669922,69.75099182128906,75.25696563720703,64.75064086914062,79.27909088134766,65.34600067138672,64.99388122558594,72.41116333007812,63.431522369384766,76.05911254882812,74.54779052734375,65.95391845703125
894,71.09469604492188,72.65062713623047,74.8845443725586,72.66423797607422,69.95130920410156,75.6155776977539,65.07473754882812,79.4570083618164,65.80634307861328,65.2895278930664,72.79173278808594,63.80696487426758,76.34400177001953,74.8364028930664,66.18035125732422
895,70.89093780517578,72.48777770996094,74.74327850341797,72.47526550292969,69.80224609375,75.43120574951172,64.67375183105469,79.4291000366211,65.48084259033203,65.1915054321289,72.67882537841797,63.92512130737305,76.22897338867188,74.5307846069336,65.9233169555664
896,70.79792022705078,72.36246490478516,74.64073181152344,72.44253540039062,69.6793212890625,75.30927276611328,64.68180847167969,79.24320983886719,65.49861145019531,65.09044647216797,72.47273254394531,63.66960906982422,76.14112091064453,74.51163482666016,65.89266204833984
897,70.7401123046875,72.40471649169922,74.67604064941406,72.55401611328125,69.78085327148438,75.29750061035156,65.24131774902344,79.41338348388672,65.44023132324219,65.11962127685547,72.46017456054688,63.4947395324707,76.17488861083984,74.60100555419922,66.01378631591797
898,70.9292984008789,72.49124908447266,74.74519348144531,72.59622192382812,69.8437728881836,75.48619842529297,65.00847625732422,79.39366912841797,65.61339569091797,65.19354248046875,72.66112518310547,63.779666900634766,76.21461486816406,74.6996841430664,66.08222961425781
899,70.46343994140625,72.1565170288086,74.40657806396484,72.12675476074219,69.4669418334961,75.05433654785156,64.52098083496094,79.02922821044922,64.87500762939453,64.80137634277344,72.19886016845703,63.41608047485352,75.9281234741211,74.1962890625,65.76351165771484
900,70.94628143310547,72.51216888427734,74.77593994140625,72.52029418945312,69.79811096191406,75.51876068115234,64.99324035644531,79.39622497558594,65.61833190917969,65.21918487548828,72.69538116455078,63.75885009765625,76.19922637939453,74.681884765625,66.04295349121094
901,70.97769165039062,72.49093627929688,74.72129821777344,72.53506469726562,69.79930114746094,75.46354675292969,64.9359130859375,79.31240844726562,65.70539855957031,65.13780975341797,72.63894653320312,63.596923828125,76.15795135498047,74.7436752319336,66.0255355834961
902,70.80912780761719,72.38058471679688,74.60059356689453,72.35297393798828,69.66104888916016,75.359375,64.66651916503906,79.25227355957031,65.54051971435547,65.06275939941406,72.55400848388672,63.608028411865234,76.03275299072266,74.52803802490234,65.91731262207031
903,71.0797119140625,72.58355712890625,74.83185577392578,72.71803283691406,69.97478485107422,75.5867919921875,65.67677307128906,79.43763732910156,65.88986206054688,65.29798126220703,72.763427734375,63.78147888183594,76.27593231201172,74.87657928466797,66.24046325683594
904,70.91947174072266,72.47142028808594,74.74825286865234,72.64566802978516,69.80531311035156,75.45062255859375,65.00608825683594,79.3581314086914,65.54389190673828,65.18216705322266,72.6199951171875,63.76169967651367,76.2085189819336,74.68079376220703,66.19316101074219
905,70.76036834716797,72.3240966796875,74.66934967041016,72.44898223876953,69.7210464477539,75.24462127685547,64.9944839477539,79.3771743774414,65.47372436523438,65.1150894165039,72.40840911865234,63.62897491455078,76.18260955810547,74.47037506103516,66.05575561523438
906,71.02127075195312,72.57748413085938,74.77330017089844,72.70068359375,69.92257690429688,75.47314453125,65.41017150878906,79.49596405029297,65.76480865478516,65.30611419677734,72.67091369628906,63.50804901123047,76.20287322998047,74.8599853515625,66.1014633178711
907,70.84845733642578,72.45179748535156,74.66012573242188,72.5378646850586,69.76719665527344,75.32994842529297,64.91429138183594,79.36491394042969,65.57511138916016,65.14474487304688,72.55809020996094,63.50841522216797,76.14435577392578,74.65515899658203,66.02188110351562
908,70.67109680175781,72.33092498779297,74.60499572753906,72.2944107055664,69.56903076171875,75.23955535888672,64.60368347167969,79.186767578125,65.18514251708984,64.98770141601562,72.41840362548828,63.4098014831543,76.12362670898438,74.41655731201172,66.01531219482422
909,70.76688385009766,72.23750305175781,74.5897216796875,72.53152465820312,69.69856262207031,75.15628051757812,65.03134155273438,79.2713851928711,65.64724731445312,65.10253143310547,72.33710479736328,63.45231628417969,76.08776092529297,74.5638198852539,65.98915100097656
910,70.84725952148438,72.45987701416016,74.70662689208984,72.33866119384766,69.67872619628906,75.42735290527344,64.36532592773438,79.34156036376953,65.32515716552734,65.07765197753906,72.60523223876953,63.80027770996094,76.2606430053711,74.54470825195312,65.95154571533203
911,71.03096008300781,72.56631469726562,74.7901840209961,72.61578369140625,69.90950012207031,75.51166534423828,65.22364807128906,79.47808837890625,65.73631286621094,65.2511978149414,72.6934585571289,63.64215850830078,76.27963256835938,74.81084442138672,66.224365234375
912,70.7913589477539,72.19650268554688,74.54447937011719,72.336181640625,69.60978698730469,75.10238647460938,64.41468048095703,79.25363159179688,65.36875915527344,65.04468536376953,72.24922180175781,63.450592041015625,76.11819458007812,74.54161834716797,66.04939270019531
913,71.14380645751953,72.66153717041016,74.8432846069336,72.79652404785156,70.00147247314453,75.61434936523438,65.74980926513672,79.50589752197266,65.94581604003906,65.35435485839844,72.76949310302734,63.505889892578125,76.30110168457031,74.95853424072266,66.31928253173828
914,70.95626068115234,72.50918579101562,74.7725830078125,72.49981689453125,69.78923797607422,75.50151824951172,64.93586730957031,79.39632415771484,65.60150909423828,65.12311553955078,72.6668472290039,63.72063446044922,76.2730941772461,74.7410659790039,66.12077331542969
915,70.76766967773438,72.49783325195312,74.75257873535156,72.45549774169922,69.75181579589844,75.37744903564453,64.43136596679688,79.36644744873047,65.12163543701172,65.0960693359375,72.5981216430664,63.76778411865234,76.30375671386719,74.46707153320312,66.05207061767578
916,70.66541290283203,72.28451538085938,74.58514404296875,72.36971282958984,69.63787841796875,75.1854019165039,64.84942626953125,79.265869140625,65.35693359375,65.07648468017578,72.34951782226562,63.51875305175781,76.12074279785156,74.457763671875,65.89147186279297
917,71.0033187866211,72.49829864501953,74.72470092773438,72.65298461914062,69.89325714111328,75.42017364501953,65.6850357055664,79.42813873291016,65.77254486083984,65.22171020507812,72.5782241821289,63.38007736206055,76.19283294677734,74.8399887084961,66.2440414428711
918,70.72766876220703,72.28688049316406,74.622314453125,72.49063873291016,69.7589111328125,75.2021255493164,65.05197143554688,79.36198425292969,65.5217056274414,65.01719665527344,72.35493469238281,63.48605346679688,76.19355773925781,74.51514434814453,66.01016235351562
919,70.55420684814453,72.2097396850586,74.59709167480469,72.22012329101562,69.54964447021484,75.1380386352539,63.97318649291992,79.21142578125,64.86785888671875,64.92933654785156,72.31166076660156,63.71269607543945,76.17813110351562,74.10688781738281,65.91271209716797
920,70.92430114746094,72.434814453125,74.68439483642578,72.43526458740234,69.69476318359375,75.31756591796875,64.04767608642578,79.36775970458984,65.41405487060547,65.16018676757812,72.4753646850586,63.48409271240234,76.17963409423828,74.58102416992188,66.09735107421875
921,70.92019653320312,72.48274230957031,74.68281555175781,72.56233978271484,69.87874603271484,75.3935775756836,65.22525024414062,79.23282623291016,65.68460845947266,65.14517211914062,72.61231231689453,63.550743103027344,76.15602111816406,74.72653198242188,66.03732299804688
922,70.8115463256836,72.48426818847656,74.71066284179688,72.46987915039062,69.76338958740234,75.32722473144531,64.80595397949219,79.4301986694336,65.50550842285156,65.09416961669922,72.51808166503906,63.400177001953125,76.20602416992188,74.65730285644531,66.07919311523438
923,70.83406829833984,72.48995971679688,74.71856689453125,72.40779876708984,69.73871612548828,75.4271469116211,64.69538116455078,79.28538513183594,65.43486022949219,65.14897918701172,72.60652160644531,63.69347381591797,76.22816467285156,74.5508804321289,65.96410369873047
924,70.81452178955078,72.46469116210938,74.76763916015625,72.50242614746094,69.71346282958984,75.42304229736328,64.93589782714844,79.38557434082031,65.54054260253906,65.17738342285156,72.58536529541016,63.7790412902832,76.24409484863281,74.45930480957031,65.9876708984375
925,71.05598449707031,72.53067016601562,74.77075958251953,72.68595886230469,69.90523529052734,75.47965240478516,65.16632080078125,79.493408203125,65.66752624511719,65.2429428100586,72.67951965332031,63.65987396240234,76.25244903564453,74.78910064697266,66.24723052978516
926,70.8457260131836,72.40067291259766,74.61602020263672,72.48500061035156,69.7102279663086,75.32695007324219,65.08180236816406,79.23023986816406,65.5516357421875,65.08666229248047,72.48198699951172,63.30726623535156,76.08091735839844,74.65576934814453,66.02841186523438
927,70.78960418701172,72.33821868896484,74.53829956054688,72.4604263305664,69.71302795410156,75.25344848632812,65.37454223632812,79.15571594238281,65.6067886352539,65.05377197265625,72.45697784423828,63.35425567626953,76.00825500488281,74.56990051269531,65.93688201904297
928,70.98258972167969,72.56902313232422,74.75853729248047,72.71047973632812,69.95096588134766,75.53192901611328,65.77274322509766,79.43143463134766,65.89335632324219,65.2713394165039,72.70873260498047,63.45696640014648,76.1366958618164,74.88648986816406,66.32240295410156
929,70.78948974609375,72.41596221923828,74.66303253173828,72.52593231201172,69.76204681396484,75.36456298828125,64.85325622558594,79.36841583251953,65.42388153076172,65.1273422241211,72.58182525634766,63.58173370361328,76.10694885253906,74.62303161621094,65.94780731201172
930,70.6169662475586,72.23560333251953,74.4839859008789,72.26615905761719,69.53768920898438,75.16162109375,64.93516540527344,79.03919219970703,65.39559173583984,64.94820404052734,72.32115173339844,63.48087692260742,76.00189971923828,74.36344909667969,65.78809356689453
931,71.02871704101562,72.50086212158203,74.74473571777344,72.64950561523438,69.8382568359375,75.4457778930664,65.51432037353516,79.45276641845703,65.75605010986328,65.23930358886719,72.60657501220703,63.524600982666016,76.239501953125,74.82037353515625,66.09092712402344
932,70.89434814453125,72.45732116699219,74.70074462890625,72.4560546875,69.72606658935547,75.34835052490234,64.90997314453125,79.37409973144531,65.57244110107422,65.14149475097656,72.54151153564453,63.51951599121094,76.17569732666016,74.58981323242188,66.09581756591797
933,70.93640899658203,72.52896881103516,74.7698974609375,72.55370330810547,69.8331527709961,75.50821685791016,65.21067810058594,79.4046401977539,65.60177612304688,65.1959457397461,72.6876220703125,63.67892837524414,76.18113708496094,74.67532348632812,66.07334899902344
934,71.0068359375,72.56407165527344,74.7620620727539,72.65415954589844,69.82422637939453,75.39948272705078,65.44464111328125,79.36476135253906,65.7570571899414,65.1993637084961,72.57754516601562,63.46098327636719,76.21923828125,74.79051971435547,66.1681900024414
935,70.85778045654297,72.4843521118164,74.76712036132812,72.4097671508789,69.70962524414062,75.46199798583984,64.08226776123047,79.42170715332031,65.12419891357422,65.11908721923828,72.64614868164062,63.81707382202149,76.31118774414062,74.49549102783203,66.04395294189453
936,70.99392700195312,72.52046966552734,74.79362487792969,72.5594711303711,69.78820037841797,75.49967956542969,65.08155822753906,79.45342254638672,65.671630859375,65.25041961669922,72.66438293457031,63.81021499633789,76.27266693115234,74.7662353515625,66.22148132324219
937,70.59034729003906,72.20870971679688,74.5514907836914,72.35179138183594,69.60499572753906,75.10444641113281,64.49249267578125,79.16275024414062,65.11663818359375,64.87268829345703,72.25080871582031,63.4399528503418,76.11213684082031,74.26500701904297,65.9486312866211
938,70.65115356445312,72.34688568115234,74.72312927246094,72.38317108154297,69.69116973876953,75.26663970947266,64.104736328125,79.38481903076172,65.13058471679688,64.90714263916016,72.40874481201172,63.583274841308594,76.22948455810547,74.31722259521484,66.01647186279297
939,70.77385711669922,72.38033294677734,74.6540298461914,72.4813461303711,69.76973724365234,75.27019500732422,64.89578247070312,79.28269958496094,65.58493041992188,65.03543090820312,72.4691162109375,63.551639556884766,76.135986328125,74.54633331298828,66.03620910644531
940,70.9644546508789,72.51306915283203,74.75875091552734,72.44275665283203,69.75513458251953,75.41820526123047,64.83842468261719,79.34391784667969,65.66049194335938,65.2066879272461,72.58740997314453,63.57693862915039,76.28041076660156,74.66352844238281,66.14486694335938
941,70.56912994384766,72.1635971069336,74.43875885009766,72.26507568359375,69.58261108398438,75.03247833251953,65.07793426513672,79.15045928955078,65.42699432373047,64.95730590820312,72.22718048095703,63.26632690429688,75.89551544189453,74.4195327758789,65.84660339355469
942,70.84120178222656,72.4139404296875,74.67680358886719,72.44918823242188,69.72132873535156,75.40979766845703,65.08496856689453,79.26509857177734,65.51406860351562,65.14258575439453,72.57313537597656,63.4565544128418,76.08196258544922,74.60418701171875,66.13966369628906
943,70.9717788696289,72.54285430908203,74.79188537597656,72.55001068115234,69.79375457763672,75.52311706542969,64.74951171875,79.308349609375,65.55340576171875,65.16556549072266,72.68931579589844,63.82220077514648,76.30390167236328,74.67386627197266,66.06941986083984
944,70.56150817871094,72.20320892333984,74.53279876708984,72.1750259399414,69.51020050048828,75.14303588867188,64.21743774414062,79.09109497070312,64.92680358886719,64.93733215332031,72.33802795410156,63.65084457397461,76.08357238769531,74.15260314941406,65.84908294677734
945,70.7800064086914,72.4558334350586,74.69725036621094,72.32209014892578,69.66670989990234,75.42060852050781,64.66883850097656,79.25733947753906,65.29705810546875,65.04537963867188,72.59547424316406,63.60555648803711,76.2306137084961,74.53638458251953,66.00038146972656
946,70.60833740234375,72.20672607421875,74.5533447265625,72.2206039428711,69.5655746459961,75.10320281982422,64.26188659667969,79.2420425415039,65.01338958740234,64.95454406738281,72.29580688476562,63.63543701171875,76.06938171386719,74.1759262084961,65.93783569335938
947,70.65371704101562,72.2553939819336,74.5215835571289,72.33394622802734,69.63483428955078,75.15065002441406,64.58551025390625,79.2331771850586,65.47471618652344,65.02423858642578,72.33155059814453,63.40507888793945,75.99371337890625,74.44873046875,65.8274917602539
948,70.73606872558594,72.39276885986328,74.62498474121094,72.41375732421875,69.63519287109375,75.2992935180664,65.04352569580078,79.22444152832031,65.44972229003906,65.07991027832031,72.4936294555664,63.50728988647461,76.07046508789062,74.52078247070312,65.87515258789062
949,70.86029052734375,72.42134857177734,74.64508819580078,72.40843963623047,69.76976013183594,75.32353210449219,64.93754577636719,79.17097473144531,65.70513916015625,65.156005859375,72.55911254882812,63.55895614624024,76.12979125976562,74.65373229980469,65.98794555664062
950,70.90516662597656,72.47998046875,74.72705841064453,72.52013397216797,69.81945037841797,75.48451232910156,65.1207275390625,79.36588287353516,65.5294418334961,65.15013885498047,72.67109680175781,63.70469665527344,76.18323516845703,74.65666961669922,66.067138671875
951,70.88932800292969,72.49041748046875,74.7265853881836,72.42748260498047,69.71894073486328,75.48882293701172,64.91050720214844,79.24757385253906,65.51545715332031,65.16622161865234,72.64395904541016,63.61053085327149,76.19087982177734,74.68187713623047,66.0423812866211
952,70.94560241699219,72.48099517822266,74.72102355957031,72.52593231201172,69.82099914550781,75.45105743408203,65.06543731689453,79.4103012084961,65.64051818847656,65.25584411621094,72.66221618652344,63.67265319824219,76.17479705810547,74.70733642578125,66.03677368164062
953,71.0782241821289,72.59365844726562,74.81261444091797,72.76000213623047,69.96857452392578,75.55626678466797,65.67477416992188,79.45590209960938,65.93074035644531,65.33106994628906,72.76362609863281,63.56024932861328,76.20236206054688,74.87435150146484,66.2651138305664
954,71.0843734741211,72.60802459716797,74.79344177246094,72.7311782836914,69.9951400756836,75.5372543334961,65.39264678955078,79.45421600341797,65.8738021850586,65.2733383178711,72.72457885742188,63.61547088623047,76.2781753540039,74.9256820678711,66.26387023925781
955,70.74418640136719,72.4110336303711,74.73451232910156,72.57061767578125,69.85417938232422,75.26991271972656,64.84032440185547,79.4589614868164,65.37972259521484,64.99388122558594,72.43709564208984,63.42661285400391,76.2502670288086,74.60651397705078,66.03196716308594
956,70.53858184814453,72.23107147216797,74.519775390625,72.16118621826172,69.53831481933594,75.23265075683594,64.70484924316406,79.0409927368164,65.27450561523438,64.96436309814453,72.43543243408203,63.502098083496094,75.9346923828125,74.20516967773438,65.65664672851562
957,70.7736587524414,72.44356536865234,74.68321228027344,72.3373794555664,69.66752624511719,75.4084243774414,64.73722839355469,79.28844451904297,65.17738342285156,65.06484985351562,72.58015441894531,63.66151428222656,76.1962661743164,74.51950073242188,66.04981994628906
958,70.92597961425781,72.49700927734375,74.7408676147461,72.523193359375,69.78839874267578,75.36372375488281,64.96795654296875,79.39197540283203,65.66813659667969,65.13758087158203,72.54691314697266,63.45167922973633,76.23030090332031,74.71855926513672,66.14545440673828
959,71.01322174072266,72.59188079833984,74.8288345336914,72.61519622802734,69.88178253173828,75.55037689208984,65.45125579833984,79.5103759765625,65.64153289794922,65.28945922851562,72.71737670898438,63.66990661621094,76.31397247314453,74.83800506591797,66.14610290527344
960,70.77094268798828,72.47268676757812,74.72644805908203,72.41848754882812,69.78099822998047,75.39051055908203,64.55269622802734,79.33628845214844,65.37686157226562,65.07061767578125,72.59146881103516,63.62577819824219,76.23672485351562,74.5284423828125,66.10108947753906
961,70.85023498535156,72.45304870605469,74.70860290527344,72.46566772460938,69.75078582763672,75.3764877319336,64.97013854980469,79.347412109375,65.4508056640625,65.12908172607422,72.5449447631836,63.65963745117188,76.22186279296875,74.63802337646484,65.93944549560547
962,70.91643524169922,72.5290756225586,74.82524108886719,72.54883575439453,69.84019470214844,75.44860076904297,65.17620086669922,79.41679382324219,65.71089935302734,65.13052368164062,72.62278747558594,63.67136764526367,76.34071350097656,74.6609115600586,66.05363464355469
963,70.75662231445312,72.36278533935547,74.57479095458984,72.40353393554688,69.66472625732422,75.24758911132812,65.26044464111328,79.20230102539062,65.47063446044922,65.05429077148438,72.40338134765625,63.39827728271485,76.05642700195312,74.59208679199219,66.01029205322266
964,70.99730682373047,72.5631332397461,74.76860046386719,72.62320709228516,69.90217590332031,75.4645767211914,65.30441284179688,79.4161376953125,65.81607818603516,65.23981475830078,72.6849365234375,63.4254035949707,76.2174072265625,74.84776306152344,66.17951965332031
965,70.96875762939453,72.47289276123047,74.69747161865234,72.56654357910156,69.78514862060547,75.4095458984375,65.57476806640625,79.3493881225586,65.66864013671875,65.19024658203125,72.58306884765625,63.53603363037109,76.16116333007812,74.70236206054688,66.1272201538086
966,71.0618667602539,72.63436126708984,74.85299682617188,72.66636657714844,69.92364501953125,75.61117553710938,65.27540588378906,79.45944213867188,65.72437286376953,65.27359008789062,72.76143646240234,63.68277359008789,76.32679748535156,74.85687255859375,66.31610107421875
967,70.89262390136719,72.49044036865234,74.71199035644531,72.53347778320312,69.79264831542969,75.4417495727539,65.29104614257812,79.25090789794922,65.6696548461914,65.14859008789062,72.62387084960938,63.51359558105469,76.11869049072266,74.64730072021484,66.02367401123047
968,70.81781005859375,72.39717864990234,74.73572540283203,72.5770263671875,69.84561157226562,75.28487396240234,64.98790740966797,79.38778686523438,65.63462829589844,65.13753509521484,72.4303970336914,63.45855331420898,76.21028900146484,74.677001953125,66.1102294921875
969,70.67186737060547,72.25851440429688,74.62567901611328,72.4629898071289,69.74278259277344,75.17660522460938,64.68122863769531,79.38038635253906,65.25325012207031,65.05075073242188,72.33866119384766,63.67303085327149,76.20606994628906,74.393310546875,66.0237045288086
970,70.91946411132812,72.5086898803711,74.70201110839844,72.65065002441406,69.91645812988281,75.48458862304688,65.59022521972656,79.31208038330078,65.7850112915039,65.17842864990234,72.66461181640625,63.6047477722168,76.10787200927734,74.77888488769531,66.0149154663086
971,70.87322235107422,72.39427185058594,74.67646789550781,72.4578628540039,69.7298355102539,75.40094757080078,64.69409942626953,79.27337646484375,65.47648620605469,65.15885925292969,72.58186340332031,63.75428009033203,76.20984649658203,74.67822265625,66.04911041259766
972,70.36508178710938,71.98503112792969,74.32939910888672,72.06974029541016,69.40177154541016,74.93251037597656,64.31155395507812,78.99517059326172,65.01744079589844,64.81343841552734,72.09910583496094,63.51559829711914,75.88096618652344,73.93614196777344,65.58930969238281
973,70.70780181884766,72.33855438232422,74.61324310302734,72.46858978271484,69.68730926513672,75.26061248779297,64.81314849853516,79.2183609008789,65.4405288696289,65.01702117919922,72.44535827636719,63.69390487670898,76.05274963378906,74.40882873535156,65.95610809326172
974,70.81291198730469,72.42969512939453,74.69393157958984,72.4625244140625,69.73430633544922,75.33331298828125,64.52642822265625,79.25574493408203,65.45907592773438,65.10023498535156,72.54085540771484,63.60886764526367,76.19905090332031,74.5385971069336,65.9769287109375
975,70.79305267333984,72.30620574951172,74.54856872558594,72.2988052368164,69.67918395996094,75.21427917480469,64.92622375488281,79.19783782958984,65.61030578613281,65.04097747802734,72.3919906616211,63.4601936340332,76.00747680664062,74.52488708496094,65.85059356689453
976,70.88512420654297,72.48628234863281,74.72028350830078,72.46146392822266,69.72872161865234,75.45830535888672,65.0997085571289,79.3085708618164,65.60443878173828,65.16204071044922,72.6271743774414,63.553260803222656,76.13463592529297,74.61804962158203,66.14130401611328
977,71.18516540527344,72.64340209960938,74.90506744384766,72.810546875,69.99325561523438,75.61685943603516,65.2964096069336,79.5239486694336,65.83592987060547,65.38159942626953,72.80821990966797,63.83878707885742,76.37284851074219,74.96627807617188,66.42231750488281
978,70.79602813720703,72.2926025390625,74.52123260498047,72.35433959960938,69.65109252929688,75.21255493164062,65.02918243408203,79.17031860351562,65.53982543945312,64.98768615722656,72.38013458251953,63.1849479675293,76.04021453857422,74.642822265625,65.98839569091797
979,70.74930572509766,72.35557556152344,74.65213012695312,72.30928039550781,69.65522003173828,75.27761840820312,64.61289978027344,79.2100601196289,65.4375991821289,65.02082061767578,72.45429229736328,63.69786834716797,76.115234375,74.39125061035156,65.85671997070312
980,70.8054428100586,72.3214111328125,74.57929992675781,72.4227294921875,69.68138122558594,75.23235321044922,64.58355712890625,79.23382568359375,65.51708984375,65.03807067871094,72.39889526367188,63.69477844238281,76.13011169433594,74.496337890625,65.95996856689453
981,71.02349090576172,72.548583984375,74.7874984741211,72.53070831298828,69.81283569335938,75.53604125976562,64.65666198730469,79.48435974121094,65.48310852050781,65.20410919189453,72.69586944580078,63.73653030395508,76.2454605102539,74.7441635131836,66.14757537841797
982,71.04759216308594,72.61924743652344,74.8396224975586,72.7177963256836,69.93256378173828,75.58724975585938,65.78340148925781,79.44087982177734,65.76175689697266,65.24805450439453,72.74769592285156,63.71658706665039,76.27371978759766,74.89273071289062,66.363525390625
983,71.03845977783203,72.5385971069336,74.77043914794922,72.678466796875,69.89096069335938,75.5380859375,65.65321350097656,79.44092559814453,65.6657943725586,65.25796508789062,72.71150970458984,63.62993240356445,76.21005249023438,74.84286499023438,66.24524688720703
984,70.90179443359375,72.49401092529297,74.7503662109375,72.5325927734375,69.80026245117188,75.40625,65.06958770751953,79.41312408447266,65.50677490234375,65.13186645507812,72.58515930175781,63.5245475769043,76.25728607177734,74.6856918334961,66.10535430908203
985,70.8860092163086,72.35972595214844,74.66386413574219,72.57917022705078,69.79926300048828,75.25006103515625,64.90802764892578,79.41049194335938,65.61215209960938,65.19520568847656,72.42703247070312,63.5062370300293,76.173828125,74.68584442138672,66.10535430908203
986,70.93383026123047,72.50406646728516,74.74932098388672,72.42780303955078,69.76278686523438,75.47509002685547,64.61900329589844,79.34917449951172,65.47776794433594,65.17327880859375,72.68360900878906,63.78460693359375,76.24571990966797,74.64620971679688,65.99437713623047
987,70.81055450439453,72.4081802368164,74.64836883544922,72.3658218383789,69.68559265136719,75.30701446533203,64.85345458984375,79.25564575195312,65.4489517211914,65.0528564453125,72.48596954345703,63.50168228149414,76.16081237792969,74.59226989746094,66.03866577148438
988,70.86770629882812,72.43909454345703,74.66423034667969,72.4836196899414,69.73599243164062,75.36778259277344,64.66860961914062,79.33746337890625,65.46244812011719,65.08643341064453,72.52315521240234,63.69816970825195,76.17762756347656,74.61199951171875,66.06299591064453
989,70.88995361328125,72.51417541503906,74.79000854492188,72.47178649902344,69.75948333740234,75.49127960205078,64.50105285644531,79.3739013671875,65.19615936279297,65.1338882446289,72.6628189086914,63.81571960449219,76.31487274169922,74.6292724609375,66.09080505371094
990,70.8785400390625,72.45973205566406,74.70259857177734,72.47109985351562,69.75230407714844,75.31231689453125,65.14176940917969,79.37417602539062,65.5658187866211,65.16451263427734,72.49031829833984,63.33503723144531,76.18846130371094,74.70366668701172,66.03518676757812
991,70.93104553222656,72.48768615722656,74.73951721191406,72.53482818603516,69.82086181640625,75.42656707763672,64.89414978027344,79.38691711425781,65.64196014404297,65.16790008544922,72.6659164428711,63.82540512084961,76.21727752685547,74.6366195678711,66.1015396118164
992,71.01090240478516,72.54646301269531,74.76823425292969,72.6875991821289,69.96510314941406,75.52291107177734,65.25598907470703,79.49176025390625,65.71932220458984,65.25163269042969,72.67540740966797,63.48297119140625,76.25822448730469,74.89966583251953,66.17645263671875
993,70.80404663085938,72.35828399658203,74.6160659790039,72.31555938720703,69.64646911621094,75.38357543945312,64.44915771484375,79.1812973022461,65.35893249511719,65.1123046875,72.54287719726562,63.6147689819336,76.14254760742188,74.5285873413086,65.9642562866211
994,70.96376037597656,72.47591400146484,74.74354553222656,72.5229263305664,69.7853775024414,75.41464233398438,64.66039276123047,79.35173797607422,65.645263671875,65.16564178466797,72.6070556640625,63.89700698852539,76.22757720947266,74.66737365722656,66.0337142944336
995,70.930419921875,72.52498626708984,74.76448822021484,72.56781005859375,69.81961059570312,75.52739715576172,65.01719665527344,79.35881805419922,65.62647247314453,65.19230651855469,72.6654052734375,63.66864013671875,76.21949005126953,74.71622467041016,66.14453887939453
996,70.60208892822266,72.18265533447266,74.53819274902344,72.23832702636719,69.5770492553711,75.09922790527344,64.38316345214844,79.26029205322266,65.05720520019531,64.93551635742188,72.29558563232422,63.66167831420898,76.13198852539062,74.23552703857422,65.9320068359375
997,70.86161041259766,72.4599380493164,74.71031951904297,72.47657775878906,69.77721405029297,75.42021942138672,65.06168365478516,79.22621154785156,65.61963653564453,65.14784240722656,72.59526824951172,63.71925354003906,76.18560791015625,74.60369873046875,65.90275573730469
998,70.9803237915039,72.56615447998047,74.83374786376953,72.6365966796875,69.89535522460938,75.47064208984375,64.59373474121094,79.44571685791016,65.58917999267578,65.27339172363281,72.67803955078125,63.53548812866211,76.28355407714844,74.76770782470703,66.22989654541016
999,70.8305435180664,72.50162506103516,74.74219512939453,72.57939910888672,69.81219482421875,75.41075134277344,65.10015106201172,79.42269897460938,65.59418487548828,65.18335723876953,72.60810852050781,63.642578125,76.17266082763672,74.65213012695312,65.97567749023438
